# Blender 3.3.1
# www.blender.org
o Cylinder
v 0.014855 -0.000000 0.077510
v 0.014570 -0.002898 0.077510
v 0.013724 -0.005685 0.077510
v 0.012352 -0.008253 0.077510
v 0.010504 -0.010504 0.077510
v 0.008253 -0.012352 0.077510
v 0.005685 -0.013724 0.077510
v 0.002898 -0.014570 0.077510
v 0.000000 -0.014855 0.077510
v -0.002898 -0.014570 0.077510
v -0.005685 -0.013724 0.077510
v -0.008253 -0.012352 0.077510
v -0.010504 -0.010504 0.077510
v -0.012352 -0.008253 0.077510
v -0.013724 -0.005685 0.077510
v -0.014570 -0.002898 0.077510
v -0.014855 -0.000000 0.077510
v -0.014570 0.002898 0.077510
v -0.013724 0.005685 0.077510
v -0.012352 0.008253 0.077510
v -0.010504 0.010504 0.077510
v -0.008253 0.012352 0.077510
v -0.005685 0.013724 0.077510
v -0.002898 0.014570 0.077510
v 0.000000 0.014855 0.077510
v 0.002898 0.014570 0.077510
v 0.005685 0.013724 0.077510
v 0.008253 0.012352 0.077510
v 0.010504 0.010504 0.077510
v 0.012352 0.008253 0.077510
v 0.013724 0.005685 0.077510
v 0.014570 0.002898 0.077510
v 0.014570 -0.002898 0.077510
v 0.014855 -0.000000 0.077510
v 0.013724 -0.005685 0.077510
v 0.012352 -0.008253 0.077510
v 0.010504 -0.010504 0.077510
v 0.008253 -0.012352 0.077510
v 0.005685 -0.013724 0.077510
v 0.002898 -0.014570 0.077510
v 0.000000 -0.014855 0.077510
v -0.002898 -0.014570 0.077510
v -0.005685 -0.013724 0.077510
v -0.008253 -0.012352 0.077510
v -0.010504 -0.010504 0.077510
v -0.012352 -0.008253 0.077510
v -0.013724 -0.005685 0.077510
v -0.014570 -0.002898 0.077510
v -0.014855 -0.000000 0.077510
v -0.014570 0.002898 0.077510
v -0.013724 0.005685 0.077510
v -0.012352 0.008253 0.077510
v -0.010504 0.010504 0.077510
v -0.008253 0.012352 0.077510
v -0.005685 0.013724 0.077510
v -0.002898 0.014570 0.077510
v 0.000000 0.014855 0.077510
v 0.002898 0.014570 0.077510
v 0.005685 0.013724 0.077510
v 0.008253 0.012352 0.077510
v 0.010504 0.010504 0.077510
v 0.012352 0.008253 0.077510
v 0.013724 0.005685 0.077510
v 0.014570 0.002898 0.077510
v 0.010929 -0.002174 0.097793
v 0.011143 0.000000 0.097793
v 0.010295 -0.004264 0.097793
v 0.009265 -0.006191 0.097793
v 0.007879 -0.007879 0.097793
v 0.006191 -0.009265 0.097793
v 0.004264 -0.010295 0.097793
v 0.002174 -0.010929 0.097793
v 0.000000 -0.011143 0.097793
v -0.002174 -0.010929 0.097793
v -0.004264 -0.010295 0.097793
v -0.006191 -0.009265 0.097793
v -0.007879 -0.007879 0.097793
v -0.009265 -0.006191 0.097793
v -0.010295 -0.004264 0.097793
v -0.010929 -0.002174 0.097793
v -0.011143 0.000000 0.097793
v -0.010929 0.002174 0.097793
v -0.010295 0.004264 0.097793
v -0.009265 0.006191 0.097793
v -0.007879 0.007879 0.097793
v -0.006191 0.009265 0.097793
v -0.004264 0.010295 0.097793
v -0.002174 0.010929 0.097793
v -0.000000 0.011143 0.097793
v 0.002174 0.010929 0.097793
v 0.004264 0.010295 0.097793
v 0.006191 0.009265 0.097793
v 0.007879 0.007879 0.097793
v 0.009265 0.006191 0.097793
v 0.010295 0.004264 0.097793
v 0.010929 0.002174 0.097793
v 0.032490 -0.000000 0.067043
v 0.033174 0.000000 0.065322
v 0.032792 -0.000000 0.066718
v 0.033080 -0.000000 0.066280
v 0.033171 0.000000 0.065765
v 0.032537 -0.006472 0.065322
v 0.031866 -0.006338 0.067043
v 0.032534 -0.006471 0.065765
v 0.032445 -0.006454 0.066280
v 0.032162 -0.006397 0.066718
v 0.030649 -0.012695 0.065322
v 0.030017 -0.012433 0.067043
v 0.030646 -0.012694 0.065765
v 0.030562 -0.012659 0.066280
v 0.030296 -0.012549 0.066718
v 0.027583 -0.018431 0.065322
v 0.027014 -0.018050 0.067043
v 0.027581 -0.018429 0.065765
v 0.027505 -0.018379 0.066280
v 0.027266 -0.018218 0.066718
v 0.023458 -0.023458 0.065322
v 0.022974 -0.022974 0.067043
v 0.023455 -0.023455 0.065765
v 0.023391 -0.023391 0.066280
v 0.023188 -0.023188 0.066718
v 0.018431 -0.027583 0.065322
v 0.018050 -0.027014 0.067043
v 0.018429 -0.027581 0.065765
v 0.018379 -0.027505 0.066280
v 0.018218 -0.027266 0.066718
v 0.012695 -0.030649 0.065322
v 0.012433 -0.030017 0.067043
v 0.012694 -0.030646 0.065765
v 0.012659 -0.030562 0.066280
v 0.012549 -0.030296 0.066718
v 0.006472 -0.032537 0.065322
v 0.006338 -0.031866 0.067043
v 0.006471 -0.032534 0.065765
v 0.006454 -0.032445 0.066280
v 0.006397 -0.032162 0.066718
v 0.000000 -0.033174 0.065322
v 0.000000 -0.032490 0.067043
v 0.000000 -0.033171 0.065765
v 0.000000 -0.033080 0.066280
v 0.000000 -0.032792 0.066718
v -0.006472 -0.032537 0.065322
v -0.006338 -0.031866 0.067043
v -0.006471 -0.032534 0.065765
v -0.006454 -0.032445 0.066280
v -0.006397 -0.032162 0.066718
v -0.012695 -0.030649 0.065322
v -0.012433 -0.030017 0.067043
v -0.012694 -0.030646 0.065765
v -0.012659 -0.030562 0.066280
v -0.012549 -0.030296 0.066718
v -0.018431 -0.027583 0.065322
v -0.018050 -0.027014 0.067043
v -0.018429 -0.027581 0.065765
v -0.018379 -0.027505 0.066280
v -0.018218 -0.027266 0.066718
v -0.023458 -0.023458 0.065322
v -0.022974 -0.022974 0.067043
v -0.023455 -0.023455 0.065765
v -0.023391 -0.023391 0.066280
v -0.023188 -0.023188 0.066718
v -0.027583 -0.018431 0.065322
v -0.027014 -0.018050 0.067043
v -0.027581 -0.018429 0.065765
v -0.027505 -0.018379 0.066280
v -0.027266 -0.018218 0.066718
v -0.030649 -0.012695 0.065322
v -0.030017 -0.012433 0.067043
v -0.030646 -0.012694 0.065765
v -0.030562 -0.012659 0.066280
v -0.030296 -0.012549 0.066718
v -0.032537 -0.006472 0.065322
v -0.031866 -0.006338 0.067043
v -0.032534 -0.006471 0.065765
v -0.032445 -0.006454 0.066280
v -0.032162 -0.006397 0.066718
v -0.033174 0.000000 0.065322
v -0.032490 -0.000000 0.067043
v -0.033171 0.000000 0.065765
v -0.033080 -0.000000 0.066280
v -0.032792 -0.000000 0.066718
v -0.032537 0.006472 0.065322
v -0.031866 0.006338 0.067043
v -0.032534 0.006471 0.065765
v -0.032445 0.006454 0.066280
v -0.032162 0.006397 0.066718
v -0.030649 0.012695 0.065322
v -0.030017 0.012433 0.067043
v -0.030646 0.012694 0.065765
v -0.030562 0.012659 0.066280
v -0.030296 0.012549 0.066718
v -0.027583 0.018431 0.065322
v -0.027014 0.018050 0.067043
v -0.027581 0.018429 0.065765
v -0.027505 0.018379 0.066280
v -0.027266 0.018218 0.066718
v -0.023458 0.023458 0.065322
v -0.022974 0.022974 0.067043
v -0.023455 0.023455 0.065765
v -0.023391 0.023391 0.066280
v -0.023188 0.023188 0.066718
v -0.018431 0.027583 0.065322
v -0.018050 0.027014 0.067043
v -0.018429 0.027581 0.065765
v -0.018379 0.027505 0.066280
v -0.018218 0.027266 0.066718
v -0.012695 0.030649 0.065322
v -0.012433 0.030017 0.067043
v -0.012694 0.030646 0.065765
v -0.012659 0.030562 0.066280
v -0.012549 0.030296 0.066718
v -0.006472 0.032537 0.065322
v -0.006338 0.031866 0.067043
v -0.006471 0.032534 0.065765
v -0.006454 0.032445 0.066280
v -0.006397 0.032162 0.066718
v 0.000000 0.033174 0.065322
v 0.000000 0.032490 0.067043
v 0.000000 0.033171 0.065765
v 0.000000 0.033080 0.066280
v 0.000000 0.032792 0.066718
v 0.006472 0.032537 0.065322
v 0.006338 0.031866 0.067043
v 0.006471 0.032534 0.065765
v 0.006454 0.032445 0.066280
v 0.006397 0.032162 0.066718
v 0.012695 0.030649 0.065322
v 0.012433 0.030017 0.067043
v 0.012694 0.030646 0.065765
v 0.012659 0.030562 0.066280
v 0.012549 0.030296 0.066718
v 0.018431 0.027583 0.065322
v 0.018050 0.027014 0.067043
v 0.018429 0.027581 0.065765
v 0.018379 0.027505 0.066280
v 0.018218 0.027266 0.066718
v 0.023458 0.023458 0.065322
v 0.022974 0.022974 0.067043
v 0.023455 0.023455 0.065765
v 0.023391 0.023391 0.066280
v 0.023188 0.023188 0.066718
v 0.027583 0.018431 0.065322
v 0.027014 0.018050 0.067043
v 0.027581 0.018429 0.065765
v 0.027505 0.018379 0.066280
v 0.027266 0.018218 0.066718
v 0.030649 0.012695 0.065322
v 0.030017 0.012433 0.067043
v 0.030646 0.012694 0.065765
v 0.030562 0.012659 0.066280
v 0.030296 0.012549 0.066718
v 0.032537 0.006472 0.065322
v 0.031866 0.006338 0.067043
v 0.032534 0.006471 0.065765
v 0.032445 0.006454 0.066280
v 0.032162 0.006397 0.066718
v 0.010929 -0.002174 0.079500
v 0.012891 -0.002564 0.077510
v 0.011025 -0.002193 0.078885
v 0.011304 -0.002248 0.078330
v 0.011738 -0.002335 0.077890
v 0.012284 -0.002444 0.077607
v 0.013143 0.000000 0.077510
v 0.011143 0.000000 0.079500
v 0.012525 0.000000 0.077607
v 0.011968 0.000000 0.077890
v 0.011525 0.000000 0.078330
v 0.011241 0.000000 0.078885
v 0.010295 -0.004264 0.079500
v 0.012143 -0.005030 0.077510
v 0.010385 -0.004302 0.078885
v 0.010648 -0.004410 0.078330
v 0.011057 -0.004580 0.077890
v 0.011572 -0.004793 0.077607
v 0.009265 -0.006191 0.079500
v 0.010928 -0.007302 0.077510
v 0.009346 -0.006245 0.078885
v 0.009583 -0.006403 0.078330
v 0.009951 -0.006649 0.077890
v 0.010414 -0.006959 0.077607
v 0.007879 -0.007879 0.079500
v 0.009294 -0.009294 0.077510
v 0.007949 -0.007949 0.078885
v 0.008149 -0.008149 0.078330
v 0.008462 -0.008462 0.077890
v 0.008857 -0.008857 0.077607
v 0.006191 -0.009265 0.079500
v 0.007302 -0.010928 0.077510
v 0.006245 -0.009346 0.078885
v 0.006403 -0.009583 0.078330
v 0.006649 -0.009951 0.077890
v 0.006959 -0.010414 0.077607
v 0.004264 -0.010295 0.079500
v 0.005030 -0.012143 0.077510
v 0.004302 -0.010385 0.078885
v 0.004410 -0.010648 0.078330
v 0.004580 -0.011057 0.077890
v 0.004793 -0.011572 0.077607
v 0.002174 -0.010929 0.079500
v 0.002564 -0.012891 0.077510
v 0.002193 -0.011025 0.078885
v 0.002248 -0.011304 0.078330
v 0.002335 -0.011738 0.077890
v 0.002444 -0.012284 0.077607
v 0.000000 -0.011143 0.079500
v 0.000000 -0.013143 0.077510
v 0.000000 -0.011241 0.078885
v 0.000000 -0.011525 0.078330
v 0.000000 -0.011967 0.077890
v 0.000000 -0.012525 0.077607
v -0.002174 -0.010929 0.079500
v -0.002564 -0.012891 0.077510
v -0.002193 -0.011025 0.078885
v -0.002248 -0.011304 0.078330
v -0.002335 -0.011738 0.077890
v -0.002444 -0.012284 0.077607
v -0.004264 -0.010295 0.079500
v -0.005030 -0.012143 0.077510
v -0.004302 -0.010385 0.078885
v -0.004410 -0.010648 0.078330
v -0.004580 -0.011057 0.077890
v -0.004793 -0.011572 0.077607
v -0.006191 -0.009265 0.079500
v -0.007302 -0.010928 0.077510
v -0.006245 -0.009346 0.078885
v -0.006403 -0.009583 0.078330
v -0.006649 -0.009951 0.077890
v -0.006959 -0.010414 0.077607
v -0.007879 -0.007879 0.079500
v -0.009294 -0.009294 0.077510
v -0.007949 -0.007949 0.078885
v -0.008149 -0.008149 0.078330
v -0.008462 -0.008462 0.077890
v -0.008857 -0.008857 0.077607
v -0.009265 -0.006191 0.079500
v -0.010928 -0.007302 0.077510
v -0.009346 -0.006245 0.078885
v -0.009583 -0.006403 0.078330
v -0.009951 -0.006649 0.077890
v -0.010414 -0.006959 0.077607
v -0.010295 -0.004264 0.079500
v -0.012143 -0.005030 0.077510
v -0.010385 -0.004302 0.078885
v -0.010648 -0.004410 0.078330
v -0.011057 -0.004580 0.077890
v -0.011572 -0.004793 0.077607
v -0.010929 -0.002174 0.079500
v -0.012891 -0.002564 0.077510
v -0.011025 -0.002193 0.078885
v -0.011304 -0.002248 0.078330
v -0.011738 -0.002335 0.077890
v -0.012284 -0.002444 0.077607
v -0.011143 -0.000000 0.079500
v -0.013143 -0.000000 0.077510
v -0.011241 -0.000000 0.078885
v -0.011525 -0.000000 0.078330
v -0.011968 -0.000000 0.077890
v -0.012525 -0.000000 0.077607
v -0.010929 0.002174 0.079500
v -0.012891 0.002564 0.077510
v -0.011025 0.002193 0.078885
v -0.011304 0.002248 0.078330
v -0.011738 0.002335 0.077890
v -0.012284 0.002444 0.077607
v -0.010295 0.004264 0.079500
v -0.012143 0.005030 0.077510
v -0.010385 0.004302 0.078885
v -0.010648 0.004410 0.078330
v -0.011057 0.004580 0.077890
v -0.011572 0.004793 0.077607
v -0.009265 0.006191 0.079500
v -0.010928 0.007302 0.077510
v -0.009346 0.006245 0.078885
v -0.009583 0.006403 0.078330
v -0.009951 0.006649 0.077890
v -0.010414 0.006959 0.077607
v -0.007879 0.007879 0.079500
v -0.009294 0.009294 0.077510
v -0.007949 0.007949 0.078885
v -0.008149 0.008149 0.078330
v -0.008462 0.008462 0.077890
v -0.008857 0.008857 0.077607
v -0.006191 0.009265 0.079500
v -0.007302 0.010928 0.077510
v -0.006245 0.009346 0.078885
v -0.006403 0.009583 0.078330
v -0.006649 0.009951 0.077890
v -0.006959 0.010414 0.077607
v -0.004264 0.010295 0.079500
v -0.005030 0.012143 0.077510
v -0.004302 0.010385 0.078885
v -0.004410 0.010648 0.078330
v -0.004580 0.011057 0.077890
v -0.004793 0.011572 0.077607
v -0.002174 0.010929 0.079500
v -0.002564 0.012891 0.077510
v -0.002193 0.011025 0.078885
v -0.002248 0.011304 0.078330
v -0.002335 0.011738 0.077890
v -0.002444 0.012284 0.077607
v -0.000000 0.011143 0.079500
v -0.000000 0.013143 0.077510
v -0.000000 0.011241 0.078885
v -0.000000 0.011525 0.078330
v -0.000000 0.011968 0.077890
v -0.000000 0.012525 0.077607
v 0.002174 0.010929 0.079500
v 0.002564 0.012891 0.077510
v 0.002193 0.011025 0.078885
v 0.002248 0.011304 0.078330
v 0.002335 0.011738 0.077890
v 0.002444 0.012284 0.077607
v 0.004264 0.010295 0.079500
v 0.005030 0.012143 0.077510
v 0.004302 0.010385 0.078885
v 0.004410 0.010648 0.078330
v 0.004580 0.011057 0.077890
v 0.004793 0.011572 0.077607
v 0.006191 0.009265 0.079500
v 0.007302 0.010928 0.077510
v 0.006245 0.009346 0.078885
v 0.006403 0.009583 0.078330
v 0.006649 0.009951 0.077890
v 0.006959 0.010414 0.077607
v 0.007879 0.007879 0.079500
v 0.009294 0.009294 0.077510
v 0.007949 0.007949 0.078885
v 0.008149 0.008149 0.078330
v 0.008462 0.008462 0.077890
v 0.008857 0.008857 0.077607
v 0.009265 0.006191 0.079500
v 0.010928 0.007302 0.077510
v 0.009346 0.006245 0.078885
v 0.009583 0.006403 0.078330
v 0.009951 0.006649 0.077890
v 0.010414 0.006959 0.077607
v 0.010295 0.004264 0.079500
v 0.012143 0.005030 0.077510
v 0.010385 0.004302 0.078885
v 0.010648 0.004410 0.078330
v 0.011057 0.004580 0.077890
v 0.011572 0.004793 0.077607
v 0.010929 0.002174 0.079500
v 0.012891 0.002564 0.077510
v 0.011025 0.002193 0.078885
v 0.011304 0.002248 0.078330
v 0.011738 0.002335 0.077890
v 0.012284 0.002444 0.077607
v 0.000281 -0.030930 -0.082936
v 0.006961 -0.028073 -0.081783
v 0.013313 -0.024075 -0.081269
v 0.019092 -0.019092 -0.081123
v 0.024075 -0.013313 -0.081269
v 0.028073 -0.006961 -0.081783
v 0.030930 -0.000281 -0.082936
v -0.006145 -0.027910 -0.081637
v 0.000570 -0.024028 -0.080479
v 0.007192 -0.019150 -0.079947
v 0.013465 -0.013465 -0.079782
v 0.019150 -0.007192 -0.079947
v 0.024028 -0.000570 -0.080479
v 0.027910 0.006145 -0.081637
v -0.012489 -0.023664 -0.081059
v -0.006112 -0.018791 -0.079863
v 0.000455 -0.013150 -0.079276
v 0.006959 -0.006959 -0.079091
v 0.013150 -0.000455 -0.079276
v 0.018791 0.006112 -0.079863
v 0.023664 0.012489 -0.081059
v -0.018431 -0.018431 -0.080890
v -0.012695 -0.012695 -0.079668
v -0.006472 -0.006472 -0.079060
v -0.000000 -0.000000 -0.078868
v 0.006472 0.006472 -0.079060
v 0.012695 0.012695 -0.079668
v 0.018431 0.018431 -0.080890
v -0.023664 -0.012489 -0.081059
v -0.018791 -0.006112 -0.079863
v -0.013150 0.000455 -0.079276
v -0.006959 0.006959 -0.079091
v -0.000455 0.013150 -0.079276
v 0.006112 0.018791 -0.079863
v 0.012489 0.023664 -0.081059
v -0.027910 -0.006145 -0.081637
v -0.024028 0.000570 -0.080479
v -0.019150 0.007192 -0.079947
v -0.013465 0.013465 -0.079782
v -0.007192 0.019150 -0.079947
v -0.000570 0.024028 -0.080479
v 0.006145 0.027910 -0.081637
v -0.030930 0.000281 -0.082936
v -0.028073 0.006961 -0.081783
v -0.024075 0.013313 -0.081269
v -0.019092 0.019092 -0.081123
v -0.013313 0.024075 -0.081269
v -0.006961 0.028073 -0.081783
v -0.000281 0.030930 -0.082936
v 0.032334 0.000118 -0.082936
v 0.033174 0.000000 -0.081609
v 0.032594 0.000082 -0.082871
v 0.032828 0.000049 -0.082682
v 0.033014 0.000023 -0.082389
v 0.033133 0.000006 -0.082019
v 0.032537 -0.006472 -0.081609
v 0.031933 -0.004147 -0.082936
v 0.032507 -0.006358 -0.082019
v 0.032422 -0.006028 -0.082389
v 0.032288 -0.005514 -0.082682
v 0.032120 -0.004866 -0.082871
v 0.030649 -0.012695 -0.081609
v 0.029914 -0.011059 -0.082607
v 0.030613 -0.012615 -0.082003
v 0.030509 -0.012383 -0.082326
v 0.030346 -0.012021 -0.082547
v 0.030141 -0.011565 -0.082643
v 0.027583 -0.018431 -0.081609
v 0.026709 -0.017154 -0.082520
v 0.027541 -0.018368 -0.081998
v 0.027416 -0.018187 -0.082309
v 0.027223 -0.017905 -0.082511
v 0.026979 -0.017549 -0.082583
v 0.023458 -0.023458 -0.081609
v 0.022412 -0.022412 -0.082501
v 0.023407 -0.023407 -0.081997
v 0.023258 -0.023258 -0.082306
v 0.023027 -0.023027 -0.082503
v 0.022735 -0.022735 -0.082571
v 0.018431 -0.027583 -0.081609
v 0.017154 -0.026709 -0.082520
v 0.018368 -0.027541 -0.081998
v 0.018187 -0.027416 -0.082309
v 0.017905 -0.027223 -0.082511
v 0.017549 -0.026979 -0.082583
v 0.012695 -0.030649 -0.081609
v 0.011059 -0.029914 -0.082607
v 0.012615 -0.030613 -0.082003
v 0.012383 -0.030509 -0.082326
v 0.012021 -0.030346 -0.082547
v 0.011565 -0.030141 -0.082643
v 0.006472 -0.032537 -0.081609
v 0.004147 -0.031933 -0.082936
v 0.006358 -0.032507 -0.082019
v 0.006028 -0.032422 -0.082389
v 0.005514 -0.032288 -0.082682
v 0.004866 -0.032120 -0.082871
v 0.000000 -0.033174 -0.081609
v -0.000118 -0.032334 -0.082936
v -0.000006 -0.033133 -0.082019
v -0.000023 -0.033014 -0.082389
v -0.000049 -0.032828 -0.082682
v -0.000082 -0.032594 -0.082871
v -0.006472 -0.032537 -0.081609
v -0.004070 -0.031965 -0.082936
v -0.006354 -0.032509 -0.082019
v -0.006013 -0.032428 -0.082389
v -0.005482 -0.032301 -0.082682
v -0.004813 -0.032142 -0.082871
v -0.012695 -0.030649 -0.081609
v -0.011005 -0.029942 -0.082600
v -0.012612 -0.030614 -0.082002
v -0.012372 -0.030514 -0.082325
v -0.011998 -0.030358 -0.082544
v -0.011527 -0.030161 -0.082639
v -0.018431 -0.027583 -0.081609
v -0.017124 -0.026722 -0.082523
v -0.018367 -0.027541 -0.081998
v -0.018181 -0.027419 -0.082310
v -0.017892 -0.027228 -0.082512
v -0.017528 -0.026988 -0.082586
v -0.023458 -0.023458 -0.081609
v -0.022405 -0.022405 -0.082507
v -0.023406 -0.023406 -0.081998
v -0.023257 -0.023257 -0.082307
v -0.023024 -0.023024 -0.082506
v -0.022731 -0.022731 -0.082575
v -0.027583 -0.018431 -0.081609
v -0.026722 -0.017124 -0.082523
v -0.027541 -0.018367 -0.081998
v -0.027419 -0.018181 -0.082310
v -0.027228 -0.017892 -0.082512
v -0.026988 -0.017528 -0.082586
v -0.030649 -0.012695 -0.081609
v -0.029942 -0.011005 -0.082600
v -0.030614 -0.012612 -0.082002
v -0.030514 -0.012372 -0.082325
v -0.030358 -0.011998 -0.082544
v -0.030161 -0.011527 -0.082639
v -0.032537 -0.006472 -0.081609
v -0.031965 -0.004070 -0.082936
v -0.032509 -0.006354 -0.082019
v -0.032428 -0.006013 -0.082389
v -0.032301 -0.005482 -0.082682
v -0.032142 -0.004813 -0.082871
v -0.033174 0.000000 -0.081609
v -0.032334 -0.000118 -0.082936
v -0.033133 -0.000006 -0.082019
v -0.033014 -0.000023 -0.082389
v -0.032828 -0.000049 -0.082682
v -0.032594 -0.000082 -0.082871
v -0.032537 0.006472 -0.081609
v -0.031933 0.004147 -0.082936
v -0.032507 0.006358 -0.082019
v -0.032422 0.006028 -0.082389
v -0.032288 0.005514 -0.082682
v -0.032120 0.004866 -0.082871
v -0.030649 0.012695 -0.081609
v -0.029914 0.011059 -0.082607
v -0.030613 0.012615 -0.082003
v -0.030509 0.012383 -0.082326
v -0.030346 0.012021 -0.082547
v -0.030141 0.011565 -0.082643
v -0.027583 0.018431 -0.081609
v -0.026709 0.017154 -0.082520
v -0.027541 0.018368 -0.081998
v -0.027416 0.018187 -0.082309
v -0.027223 0.017905 -0.082511
v -0.026979 0.017549 -0.082583
v -0.023458 0.023458 -0.081609
v -0.022412 0.022412 -0.082501
v -0.023407 0.023407 -0.081997
v -0.023258 0.023258 -0.082306
v -0.023027 0.023027 -0.082503
v -0.022735 0.022735 -0.082571
v -0.018431 0.027583 -0.081609
v -0.017154 0.026709 -0.082520
v -0.018368 0.027541 -0.081998
v -0.018187 0.027416 -0.082309
v -0.017905 0.027223 -0.082511
v -0.017549 0.026979 -0.082583
v -0.012695 0.030649 -0.081609
v -0.011059 0.029914 -0.082607
v -0.012615 0.030613 -0.082003
v -0.012383 0.030509 -0.082326
v -0.012021 0.030346 -0.082547
v -0.011565 0.030141 -0.082643
v -0.006472 0.032537 -0.081609
v -0.004147 0.031933 -0.082936
v -0.006358 0.032507 -0.082019
v -0.006028 0.032422 -0.082389
v -0.005514 0.032288 -0.082682
v -0.004866 0.032120 -0.082871
v 0.000000 0.033174 -0.081609
v 0.000118 0.032334 -0.082936
v 0.000006 0.033133 -0.082019
v 0.000023 0.033014 -0.082389
v 0.000049 0.032828 -0.082682
v 0.000082 0.032594 -0.082871
v 0.006472 0.032537 -0.081609
v 0.004070 0.031965 -0.082936
v 0.006354 0.032509 -0.082019
v 0.006013 0.032428 -0.082389
v 0.005482 0.032301 -0.082682
v 0.004813 0.032142 -0.082871
v 0.012695 0.030649 -0.081609
v 0.011005 0.029942 -0.082600
v 0.012612 0.030614 -0.082002
v 0.012372 0.030514 -0.082325
v 0.011998 0.030358 -0.082544
v 0.011527 0.030161 -0.082639
v 0.018431 0.027583 -0.081609
v 0.017124 0.026722 -0.082523
v 0.018367 0.027541 -0.081998
v 0.018181 0.027419 -0.082310
v 0.017892 0.027228 -0.082512
v 0.017528 0.026988 -0.082586
v 0.023458 0.023458 -0.081609
v 0.022405 0.022405 -0.082507
v 0.023406 0.023406 -0.081998
v 0.023257 0.023257 -0.082307
v 0.023024 0.023024 -0.082506
v 0.022731 0.022731 -0.082575
v 0.027583 0.018431 -0.081609
v 0.026722 0.017124 -0.082523
v 0.027541 0.018367 -0.081998
v 0.027419 0.018181 -0.082310
v 0.027228 0.017892 -0.082512
v 0.026988 0.017528 -0.082586
v 0.030649 0.012695 -0.081609
v 0.029942 0.011005 -0.082600
v 0.030614 0.012612 -0.082002
v 0.030514 0.012372 -0.082325
v 0.030358 0.011998 -0.082544
v 0.030161 0.011527 -0.082639
v 0.032537 0.006472 -0.081609
v 0.031965 0.004070 -0.082936
v 0.032509 0.006354 -0.082019
v 0.032428 0.006013 -0.082389
v 0.032301 0.005482 -0.082682
v 0.032142 0.004813 -0.082871
v 0.021529 -0.004282 0.077510
v 0.022631 -0.004502 0.077026
v 0.021753 -0.004327 0.077486
v 0.021999 -0.004376 0.077418
v 0.022243 -0.004424 0.077310
v 0.022460 -0.004468 0.077176
v 0.023074 -0.000000 0.077026
v 0.021951 -0.000000 0.077510
v 0.022900 -0.000000 0.077176
v 0.022679 -0.000000 0.077310
v 0.022430 -0.000000 0.077418
v 0.022179 -0.000000 0.077486
v 0.020280 -0.008400 0.077510
v 0.021318 -0.008830 0.077026
v 0.020491 -0.008488 0.077486
v 0.020723 -0.008584 0.077418
v 0.020952 -0.008679 0.077310
v 0.021157 -0.008764 0.077176
v 0.018252 -0.012195 0.077510
v 0.019185 -0.012819 0.077026
v 0.018442 -0.012322 0.077486
v 0.018650 -0.012462 0.077418
v 0.018857 -0.012600 0.077310
v 0.019041 -0.012723 0.077176
v 0.015522 -0.015522 0.077510
v 0.016316 -0.016316 0.077026
v 0.015683 -0.015683 0.077486
v 0.015861 -0.015861 0.077418
v 0.016036 -0.016036 0.077310
v 0.016193 -0.016193 0.077176
v 0.012195 -0.018252 0.077510
v 0.012819 -0.019185 0.077026
v 0.012322 -0.018442 0.077486
v 0.012462 -0.018650 0.077418
v 0.012600 -0.018857 0.077310
v 0.012723 -0.019041 0.077176
v 0.008400 -0.020280 0.077510
v 0.008830 -0.021318 0.077026
v 0.008488 -0.020491 0.077486
v 0.008584 -0.020723 0.077418
v 0.008679 -0.020952 0.077310
v 0.008764 -0.021157 0.077176
v 0.004282 -0.021529 0.077510
v 0.004502 -0.022631 0.077026
v 0.004327 -0.021753 0.077486
v 0.004376 -0.021999 0.077418
v 0.004424 -0.022243 0.077310
v 0.004468 -0.022460 0.077176
v 0.000000 -0.021951 0.077510
v 0.000000 -0.023074 0.077026
v 0.000000 -0.022179 0.077486
v 0.000000 -0.022430 0.077418
v 0.000000 -0.022679 0.077310
v 0.000000 -0.022900 0.077176
v -0.004282 -0.021529 0.077510
v -0.004502 -0.022631 0.077026
v -0.004327 -0.021753 0.077486
v -0.004376 -0.021999 0.077418
v -0.004424 -0.022243 0.077310
v -0.004468 -0.022460 0.077176
v -0.008400 -0.020280 0.077510
v -0.008830 -0.021318 0.077026
v -0.008488 -0.020491 0.077486
v -0.008584 -0.020723 0.077418
v -0.008679 -0.020952 0.077310
v -0.008764 -0.021157 0.077176
v -0.012195 -0.018252 0.077510
v -0.012819 -0.019185 0.077026
v -0.012322 -0.018442 0.077486
v -0.012462 -0.018650 0.077418
v -0.012600 -0.018857 0.077310
v -0.012723 -0.019041 0.077176
v -0.015522 -0.015522 0.077510
v -0.016316 -0.016316 0.077026
v -0.015683 -0.015683 0.077486
v -0.015861 -0.015861 0.077418
v -0.016036 -0.016036 0.077310
v -0.016193 -0.016193 0.077176
v -0.018252 -0.012195 0.077510
v -0.019185 -0.012819 0.077026
v -0.018442 -0.012322 0.077486
v -0.018650 -0.012462 0.077418
v -0.018857 -0.012600 0.077310
v -0.019041 -0.012723 0.077176
v -0.020280 -0.008400 0.077510
v -0.021318 -0.008830 0.077026
v -0.020491 -0.008488 0.077486
v -0.020723 -0.008584 0.077418
v -0.020952 -0.008679 0.077310
v -0.021157 -0.008764 0.077176
v -0.021529 -0.004282 0.077510
v -0.022631 -0.004502 0.077026
v -0.021753 -0.004327 0.077486
v -0.021999 -0.004376 0.077418
v -0.022243 -0.004424 0.077310
v -0.022460 -0.004468 0.077176
v -0.021951 -0.000000 0.077510
v -0.023074 -0.000000 0.077026
v -0.022179 -0.000000 0.077486
v -0.022430 -0.000000 0.077418
v -0.022679 -0.000000 0.077310
v -0.022900 -0.000000 0.077176
v -0.021529 0.004282 0.077510
v -0.022631 0.004502 0.077026
v -0.021753 0.004327 0.077486
v -0.021999 0.004376 0.077418
v -0.022243 0.004424 0.077310
v -0.022460 0.004468 0.077176
v -0.020280 0.008400 0.077510
v -0.021318 0.008830 0.077026
v -0.020491 0.008488 0.077486
v -0.020723 0.008584 0.077418
v -0.020952 0.008679 0.077310
v -0.021157 0.008764 0.077176
v -0.018252 0.012195 0.077510
v -0.019185 0.012819 0.077026
v -0.018442 0.012322 0.077486
v -0.018650 0.012462 0.077418
v -0.018857 0.012600 0.077310
v -0.019041 0.012723 0.077176
v -0.015522 0.015522 0.077510
v -0.016316 0.016316 0.077026
v -0.015683 0.015683 0.077486
v -0.015861 0.015861 0.077418
v -0.016036 0.016036 0.077310
v -0.016193 0.016193 0.077176
v -0.012195 0.018252 0.077510
v -0.012819 0.019185 0.077026
v -0.012322 0.018442 0.077486
v -0.012462 0.018650 0.077418
v -0.012600 0.018857 0.077310
v -0.012723 0.019041 0.077176
v -0.008400 0.020280 0.077510
v -0.008830 0.021318 0.077026
v -0.008488 0.020491 0.077486
v -0.008584 0.020723 0.077418
v -0.008679 0.020952 0.077310
v -0.008764 0.021157 0.077176
v -0.004282 0.021529 0.077510
v -0.004502 0.022631 0.077026
v -0.004327 0.021753 0.077486
v -0.004376 0.021999 0.077418
v -0.004424 0.022243 0.077310
v -0.004468 0.022460 0.077176
v 0.000000 0.021951 0.077510
v 0.000000 0.023074 0.077026
v 0.000000 0.022179 0.077486
v 0.000000 0.022430 0.077418
v 0.000000 0.022679 0.077310
v 0.000000 0.022900 0.077176
v 0.004282 0.021529 0.077510
v 0.004502 0.022631 0.077026
v 0.004327 0.021753 0.077486
v 0.004376 0.021999 0.077418
v 0.004424 0.022243 0.077310
v 0.004468 0.022460 0.077176
v 0.008400 0.020280 0.077510
v 0.008830 0.021318 0.077026
v 0.008488 0.020491 0.077486
v 0.008584 0.020723 0.077418
v 0.008679 0.020952 0.077310
v 0.008764 0.021157 0.077176
v 0.012195 0.018252 0.077510
v 0.012819 0.019185 0.077026
v 0.012322 0.018442 0.077486
v 0.012462 0.018650 0.077418
v 0.012600 0.018857 0.077310
v 0.012723 0.019041 0.077176
v 0.015522 0.015522 0.077510
v 0.016316 0.016316 0.077026
v 0.015683 0.015683 0.077486
v 0.015861 0.015861 0.077418
v 0.016036 0.016036 0.077310
v 0.016193 0.016193 0.077176
v 0.018252 0.012195 0.077510
v 0.019185 0.012819 0.077026
v 0.018442 0.012322 0.077486
v 0.018650 0.012462 0.077418
v 0.018857 0.012600 0.077310
v 0.019041 0.012723 0.077176
v 0.020280 0.008400 0.077510
v 0.021318 0.008830 0.077026
v 0.020491 0.008488 0.077486
v 0.020723 0.008584 0.077418
v 0.020952 0.008679 0.077310
v 0.021157 0.008764 0.077176
v 0.021529 0.004282 0.077510
v 0.022631 0.004502 0.077026
v 0.021753 0.004327 0.077486
v 0.021999 0.004376 0.077418
v 0.022243 0.004424 0.077310
v 0.022460 0.004468 0.077176
v 0.010929 -0.002174 0.095761
v 0.010929 -0.002174 0.093728
v 0.010929 -0.002174 0.091696
v 0.010929 -0.002174 0.089663
v 0.010929 -0.002174 0.087631
v 0.010929 -0.002174 0.085598
v 0.010929 -0.002174 0.083565
v 0.010929 -0.002174 0.081533
v 0.011143 0.000000 0.081533
v 0.011143 0.000000 0.083565
v 0.011143 0.000000 0.085598
v 0.011143 0.000000 0.087631
v 0.011143 0.000000 0.089663
v 0.011143 0.000000 0.091696
v 0.011143 0.000000 0.093728
v 0.011143 0.000000 0.095761
v 0.010295 -0.004264 0.095761
v 0.010295 -0.004264 0.093728
v 0.010295 -0.004264 0.091696
v 0.010295 -0.004264 0.089663
v 0.010295 -0.004264 0.087631
v 0.010295 -0.004264 0.085598
v 0.010295 -0.004264 0.083565
v 0.010295 -0.004264 0.081533
v 0.010929 0.002174 0.081533
v 0.010929 0.002174 0.083565
v 0.010929 0.002174 0.085598
v 0.010929 0.002174 0.087631
v 0.010929 0.002174 0.089663
v 0.010929 0.002174 0.091696
v 0.010929 0.002174 0.093728
v 0.010929 0.002174 0.095761
v 0.009265 -0.006191 0.095761
v 0.009265 -0.006191 0.093728
v 0.009265 -0.006191 0.091696
v 0.009265 -0.006191 0.089663
v 0.009265 -0.006191 0.087631
v 0.009265 -0.006191 0.085598
v 0.009265 -0.006191 0.083565
v 0.009265 -0.006191 0.081533
v 0.007879 -0.007879 0.095761
v 0.007879 -0.007879 0.093728
v 0.007879 -0.007879 0.091696
v 0.007879 -0.007879 0.089663
v 0.007879 -0.007879 0.087631
v 0.007879 -0.007879 0.085598
v 0.007879 -0.007879 0.083565
v 0.007879 -0.007879 0.081533
v 0.006191 -0.009265 0.095761
v 0.006191 -0.009265 0.093728
v 0.006191 -0.009265 0.091696
v 0.006191 -0.009265 0.089663
v 0.006191 -0.009265 0.087631
v 0.006191 -0.009265 0.085598
v 0.006191 -0.009265 0.083565
v 0.006191 -0.009265 0.081533
v 0.004264 -0.010295 0.095761
v 0.004264 -0.010295 0.093728
v 0.004264 -0.010295 0.091696
v 0.004264 -0.010295 0.089663
v 0.004264 -0.010295 0.087631
v 0.004264 -0.010295 0.085598
v 0.004264 -0.010295 0.083565
v 0.004264 -0.010295 0.081533
v 0.002174 -0.010929 0.095761
v 0.002174 -0.010929 0.093728
v 0.002174 -0.010929 0.091696
v 0.002174 -0.010929 0.089663
v 0.002174 -0.010929 0.087631
v 0.002174 -0.010929 0.085598
v 0.002174 -0.010929 0.083565
v 0.002174 -0.010929 0.081533
v 0.000000 -0.011143 0.095761
v 0.000000 -0.011143 0.093728
v 0.000000 -0.011143 0.091696
v 0.000000 -0.011143 0.089663
v 0.000000 -0.011143 0.087631
v 0.000000 -0.011143 0.085598
v 0.000000 -0.011143 0.083565
v 0.000000 -0.011143 0.081533
v -0.002174 -0.010929 0.095761
v -0.002174 -0.010929 0.093728
v -0.002174 -0.010929 0.091696
v -0.002174 -0.010929 0.089663
v -0.002174 -0.010929 0.087631
v -0.002174 -0.010929 0.085598
v -0.002174 -0.010929 0.083565
v -0.002174 -0.010929 0.081533
v -0.004264 -0.010295 0.095761
v -0.004264 -0.010295 0.093728
v -0.004264 -0.010295 0.091696
v -0.004264 -0.010295 0.089663
v -0.004264 -0.010295 0.087631
v -0.004264 -0.010295 0.085598
v -0.004264 -0.010295 0.083565
v -0.004264 -0.010295 0.081533
v -0.006191 -0.009265 0.095761
v -0.006191 -0.009265 0.093728
v -0.006191 -0.009265 0.091696
v -0.006191 -0.009265 0.089663
v -0.006191 -0.009265 0.087631
v -0.006191 -0.009265 0.085598
v -0.006191 -0.009265 0.083565
v -0.006191 -0.009265 0.081533
v -0.007879 -0.007879 0.095761
v -0.007879 -0.007879 0.093728
v -0.007879 -0.007879 0.091696
v -0.007879 -0.007879 0.089663
v -0.007879 -0.007879 0.087631
v -0.007879 -0.007879 0.085598
v -0.007879 -0.007879 0.083565
v -0.007879 -0.007879 0.081533
v -0.009265 -0.006191 0.095761
v -0.009265 -0.006191 0.093728
v -0.009265 -0.006191 0.091696
v -0.009265 -0.006191 0.089663
v -0.009265 -0.006191 0.087631
v -0.009265 -0.006191 0.085598
v -0.009265 -0.006191 0.083565
v -0.009265 -0.006191 0.081533
v -0.010295 -0.004264 0.095761
v -0.010295 -0.004264 0.093728
v -0.010295 -0.004264 0.091696
v -0.010295 -0.004264 0.089663
v -0.010295 -0.004264 0.087631
v -0.010295 -0.004264 0.085598
v -0.010295 -0.004264 0.083565
v -0.010295 -0.004264 0.081533
v -0.010929 -0.002174 0.095761
v -0.010929 -0.002174 0.093728
v -0.010929 -0.002174 0.091696
v -0.010929 -0.002174 0.089663
v -0.010929 -0.002174 0.087631
v -0.010929 -0.002174 0.085598
v -0.010929 -0.002174 0.083565
v -0.010929 -0.002174 0.081533
v -0.011143 0.000000 0.095761
v -0.011143 0.000000 0.093728
v -0.011143 0.000000 0.091696
v -0.011143 0.000000 0.089663
v -0.011143 0.000000 0.087631
v -0.011143 0.000000 0.085598
v -0.011143 0.000000 0.083565
v -0.011143 0.000000 0.081533
v -0.010929 0.002174 0.095761
v -0.010929 0.002174 0.093728
v -0.010929 0.002174 0.091696
v -0.010929 0.002174 0.089663
v -0.010929 0.002174 0.087631
v -0.010929 0.002174 0.085598
v -0.010929 0.002174 0.083565
v -0.010929 0.002174 0.081533
v -0.010295 0.004264 0.095761
v -0.010295 0.004264 0.093728
v -0.010295 0.004264 0.091696
v -0.010295 0.004264 0.089663
v -0.010295 0.004264 0.087631
v -0.010295 0.004264 0.085598
v -0.010295 0.004264 0.083565
v -0.010295 0.004264 0.081533
v -0.009265 0.006191 0.095761
v -0.009265 0.006191 0.093728
v -0.009265 0.006191 0.091696
v -0.009265 0.006191 0.089663
v -0.009265 0.006191 0.087631
v -0.009265 0.006191 0.085598
v -0.009265 0.006191 0.083565
v -0.009265 0.006191 0.081533
v -0.007879 0.007879 0.095761
v -0.007879 0.007879 0.093728
v -0.007879 0.007879 0.091696
v -0.007879 0.007879 0.089663
v -0.007879 0.007879 0.087631
v -0.007879 0.007879 0.085598
v -0.007879 0.007879 0.083565
v -0.007879 0.007879 0.081533
v -0.006191 0.009265 0.095761
v -0.006191 0.009265 0.093728
v -0.006191 0.009265 0.091696
v -0.006191 0.009265 0.089663
v -0.006191 0.009265 0.087631
v -0.006191 0.009265 0.085598
v -0.006191 0.009265 0.083565
v -0.006191 0.009265 0.081533
v -0.004264 0.010295 0.095761
v -0.004264 0.010295 0.093728
v -0.004264 0.010295 0.091696
v -0.004264 0.010295 0.089663
v -0.004264 0.010295 0.087631
v -0.004264 0.010295 0.085598
v -0.004264 0.010295 0.083565
v -0.004264 0.010295 0.081533
v -0.002174 0.010929 0.095761
v -0.002174 0.010929 0.093728
v -0.002174 0.010929 0.091696
v -0.002174 0.010929 0.089663
v -0.002174 0.010929 0.087631
v -0.002174 0.010929 0.085598
v -0.002174 0.010929 0.083565
v -0.002174 0.010929 0.081533
v -0.000000 0.011143 0.095761
v -0.000000 0.011143 0.093728
v -0.000000 0.011143 0.091696
v -0.000000 0.011143 0.089663
v -0.000000 0.011143 0.087631
v -0.000000 0.011143 0.085598
v -0.000000 0.011143 0.083565
v -0.000000 0.011143 0.081533
v 0.002174 0.010929 0.095761
v 0.002174 0.010929 0.093728
v 0.002174 0.010929 0.091696
v 0.002174 0.010929 0.089663
v 0.002174 0.010929 0.087631
v 0.002174 0.010929 0.085598
v 0.002174 0.010929 0.083565
v 0.002174 0.010929 0.081533
v 0.004264 0.010295 0.095761
v 0.004264 0.010295 0.093728
v 0.004264 0.010295 0.091696
v 0.004264 0.010295 0.089663
v 0.004264 0.010295 0.087631
v 0.004264 0.010295 0.085598
v 0.004264 0.010295 0.083565
v 0.004264 0.010295 0.081533
v 0.006191 0.009265 0.095761
v 0.006191 0.009265 0.093728
v 0.006191 0.009265 0.091696
v 0.006191 0.009265 0.089663
v 0.006191 0.009265 0.087631
v 0.006191 0.009265 0.085598
v 0.006191 0.009265 0.083565
v 0.006191 0.009265 0.081533
v 0.007879 0.007879 0.095761
v 0.007879 0.007879 0.093728
v 0.007879 0.007879 0.091696
v 0.007879 0.007879 0.089663
v 0.007879 0.007879 0.087631
v 0.007879 0.007879 0.085598
v 0.007879 0.007879 0.083565
v 0.007879 0.007879 0.081533
v 0.009265 0.006191 0.095761
v 0.009265 0.006191 0.093728
v 0.009265 0.006191 0.091696
v 0.009265 0.006191 0.089663
v 0.009265 0.006191 0.087631
v 0.009265 0.006191 0.085598
v 0.009265 0.006191 0.083565
v 0.009265 0.006191 0.081533
v 0.010295 0.004264 0.095761
v 0.010295 0.004264 0.093728
v 0.010295 0.004264 0.091696
v 0.010295 0.004264 0.089663
v 0.010295 0.004264 0.087631
v 0.010295 0.004264 0.085598
v 0.010295 0.004264 0.083565
v 0.010295 0.004264 0.081533
v 0.002367 0.014761 0.089412
v 0.002367 0.010295 0.089412
v 0.002322 0.014761 0.088951
v 0.002322 0.010295 0.088951
v 0.002187 0.014761 0.088507
v 0.002187 0.010295 0.088507
v 0.001968 0.014761 0.088097
v 0.001968 0.010295 0.088097
v 0.001674 0.014761 0.087739
v 0.001674 0.010295 0.087739
v 0.001315 0.014761 0.087444
v 0.001315 0.010295 0.087444
v 0.000906 0.014761 0.087225
v 0.000906 0.010295 0.087225
v 0.000462 0.014761 0.087091
v 0.000462 0.010295 0.087091
v 0.000000 0.014761 0.087045
v 0.000000 0.010295 0.087045
v -0.000462 0.014761 0.087091
v -0.000462 0.010295 0.087091
v -0.000906 0.014761 0.087225
v -0.000906 0.010295 0.087225
v -0.001315 0.014761 0.087444
v -0.001315 0.010295 0.087444
v -0.001674 0.014761 0.087739
v -0.001674 0.010295 0.087739
v -0.001968 0.014761 0.088097
v -0.001968 0.010295 0.088097
v -0.002187 0.014761 0.088507
v -0.002187 0.010295 0.088507
v -0.002322 0.014761 0.088951
v -0.002322 0.010295 0.088951
v -0.002367 0.014761 0.089412
v -0.002367 0.010295 0.089412
v -0.002322 0.014761 0.089874
v -0.002322 0.010295 0.089874
v -0.002187 0.014761 0.090318
v -0.002187 0.010295 0.090318
v -0.001968 0.014761 0.090728
v -0.001968 0.010295 0.090728
v -0.001674 0.014761 0.091086
v -0.001674 0.010295 0.091086
v -0.001315 0.014761 0.091381
v -0.001315 0.010295 0.091381
v -0.000906 0.014761 0.091600
v -0.000906 0.010295 0.091600
v -0.000462 0.014761 0.091734
v -0.000462 0.010295 0.091734
v 0.000000 0.014761 0.091780
v 0.000000 0.010295 0.091780
v 0.000462 0.014761 0.091734
v 0.000462 0.010295 0.091734
v 0.000906 0.014761 0.091600
v 0.000906 0.010295 0.091600
v 0.001315 0.014761 0.091381
v 0.001315 0.010295 0.091381
v 0.001674 0.014761 0.091086
v 0.001674 0.010295 0.091086
v 0.001968 0.014761 0.090728
v 0.001968 0.010295 0.090728
v 0.002187 0.014761 0.090318
v 0.002187 0.010295 0.090318
v 0.002322 0.014761 0.089874
v 0.002322 0.010295 0.089874
vn 0.9952 -0.0980 -0.0000
vn -0.2209 0.1772 -0.9591
vn -0.1772 0.2209 -0.9591
vn -0.1273 0.2679 -0.9550
vn -0.0477 0.3174 -0.9471
vn -0.0000 -0.0000 -1.0000
vn -0.0980 -0.9952 -0.0000
vn -0.0652 0.2740 -0.9595
vn 0.0839 0.2562 -0.9630
vn 0.1621 0.2153 -0.9630
vn 0.2167 0.1742 -0.9606
vn 0.2647 0.1272 -0.9559
vn 0.3278 0.0500 -0.9434
vn -0.9952 0.0980 -0.0000
vn 0.2429 0.0631 -0.9680
vn 0.2520 -0.0805 -0.9644
vn 0.2181 -0.1638 -0.9621
vn 0.1638 -0.2181 -0.9621
vn 0.0805 -0.2520 -0.9644
vn -0.0631 -0.2429 -0.9680
vn 0.0980 0.9952 -0.0000
vn -0.0500 -0.3278 -0.9434
vn -0.1272 -0.2647 -0.9559
vn -0.1742 -0.2167 -0.9606
vn -0.2153 -0.1621 -0.9630
vn -0.2562 -0.0839 -0.9630
vn -0.2740 0.0652 -0.9595
vn -0.0000 -0.0000 1.0000
vn -0.3174 0.0477 -0.9471
vn -0.2679 0.1273 -0.9550
vn 0.7256 0.0715 0.6844
vn 0.6977 -0.2117 0.6844
vn 0.7256 -0.0715 0.6844
vn 0.6430 -0.3437 0.6844
vn 0.5636 -0.4626 0.6844
vn 0.4626 -0.5636 0.6844
vn 0.3437 -0.6430 0.6844
vn 0.2117 -0.6977 0.6844
vn 0.0715 -0.7256 0.6844
vn -0.0715 -0.7256 0.6844
vn -0.2117 -0.6977 0.6844
vn -0.3437 -0.6430 0.6844
vn -0.4626 -0.5636 0.6844
vn -0.5636 -0.4626 0.6844
vn -0.6430 -0.3437 0.6844
vn -0.6977 -0.2117 0.6844
vn -0.7256 -0.0715 0.6844
vn -0.7256 0.0715 0.6844
vn -0.6977 0.2117 0.6844
vn -0.6430 0.3437 0.6844
vn -0.5636 0.4626 0.6844
vn -0.4626 0.5636 0.6844
vn -0.3437 0.6430 0.6844
vn -0.2117 0.6977 0.6844
vn -0.0715 0.7256 0.6844
vn 0.0715 0.7256 0.6844
vn 0.2117 0.6977 0.6844
vn 0.3437 0.6430 0.6844
vn 0.4626 0.5636 0.6844
vn 0.5636 0.4626 0.6844
vn 0.6430 0.3437 0.6844
vn 0.6977 0.2117 0.6844
vn -0.9952 -0.0980 -0.0000
vn 0.9569 -0.2903 -0.0000
vn 0.7730 -0.6344 -0.0000
vn 0.6344 -0.7730 -0.0000
vn 0.4714 -0.8819 -0.0000
vn 0.2903 -0.9569 -0.0000
vn 0.0980 -0.9952 -0.0000
vn -0.2903 -0.9569 -0.0000
vn -0.4714 -0.8819 -0.0000
vn -0.6344 -0.7730 -0.0000
vn -0.7730 -0.6344 -0.0000
vn -0.8819 -0.4714 -0.0000
vn -0.9569 -0.2903 -0.0000
vn -0.9569 0.2903 -0.0000
vn -0.8819 0.4714 -0.0000
vn -0.7730 0.6344 -0.0000
vn -0.6344 0.7730 -0.0000
vn -0.4714 0.8819 -0.0000
vn -0.2903 0.9569 -0.0000
vn -0.0980 0.9952 -0.0000
vn 0.2903 0.9569 -0.0000
vn 0.4714 0.8819 -0.0000
vn 0.6344 0.7730 -0.0000
vn 0.7730 0.6344 -0.0000
vn 0.8819 0.4714 -0.0000
vn 0.9569 0.2903 -0.0000
vn 0.8819 -0.4714 -0.0000
vn 0.9952 0.0980 -0.0000
vn 0.7304 0.0719 0.6792
vn 0.8321 0.0820 0.5485
vn 0.9803 0.0966 0.1723
vn 0.9952 0.0980 0.0071
vn 0.7023 0.2131 0.6792
vn 0.8002 0.2427 0.5485
vn 0.9426 0.2859 0.1723
vn 0.9569 0.2903 0.0071
vn 0.6473 0.3460 0.6792
vn 0.7374 0.3942 0.5485
vn 0.8687 0.4643 0.1723
vn 0.8819 0.4714 0.0071
vn 0.5673 0.4656 0.6792
vn 0.6464 0.5305 0.5485
vn 0.7614 0.6249 0.1723
vn 0.7730 0.6344 0.0070
vn 0.4656 0.5674 0.6792
vn 0.5305 0.6464 0.5485
vn 0.6249 0.7614 0.1723
vn 0.6344 0.7730 0.0070
vn 0.3460 0.6473 0.6792
vn 0.3942 0.7375 0.5485
vn 0.4643 0.8687 0.1723
vn 0.4714 0.8819 0.0071
vn 0.2131 0.7023 0.6792
vn 0.2427 0.8002 0.5485
vn 0.2859 0.9426 0.1723
vn 0.2903 0.9569 0.0071
vn 0.0719 0.7304 0.6792
vn 0.0820 0.8322 0.5485
vn 0.0966 0.9803 0.1723
vn 0.0980 0.9952 0.0071
vn -0.0719 0.7304 0.6792
vn -0.0820 0.8322 0.5485
vn -0.0966 0.9803 0.1723
vn -0.0980 0.9952 0.0071
vn -0.2131 0.7023 0.6792
vn -0.2427 0.8002 0.5485
vn -0.2859 0.9426 0.1723
vn -0.2903 0.9569 0.0071
vn -0.3460 0.6473 0.6792
vn -0.3942 0.7374 0.5485
vn -0.4643 0.8687 0.1723
vn -0.4714 0.8819 0.0071
vn -0.4656 0.5673 0.6792
vn -0.5305 0.6464 0.5485
vn -0.6249 0.7614 0.1723
vn -0.6344 0.7730 0.0071
vn -0.5673 0.4656 0.6792
vn -0.6464 0.5305 0.5485
vn -0.7614 0.6249 0.1723
vn -0.7730 0.6344 0.0070
vn -0.6473 0.3460 0.6792
vn -0.7374 0.3942 0.5485
vn -0.8687 0.4643 0.1723
vn -0.8819 0.4714 0.0071
vn -0.7024 0.2130 0.6792
vn -0.8002 0.2427 0.5485
vn -0.9426 0.2859 0.1723
vn -0.9569 0.2903 0.0071
vn -0.7304 0.0719 0.6792
vn -0.8321 0.0820 0.5485
vn -0.9803 0.0966 0.1723
vn -0.9952 0.0980 0.0070
vn -0.7304 -0.0719 0.6792
vn -0.8321 -0.0820 0.5485
vn -0.9803 -0.0966 0.1723
vn -0.9952 -0.0980 0.0071
vn -0.7023 -0.2131 0.6792
vn -0.8002 -0.2427 0.5485
vn -0.9426 -0.2859 0.1723
vn -0.9569 -0.2903 0.0071
vn -0.6473 -0.3460 0.6792
vn -0.7374 -0.3942 0.5485
vn -0.8687 -0.4643 0.1723
vn -0.8819 -0.4714 0.0071
vn -0.5673 -0.4656 0.6792
vn -0.6464 -0.5305 0.5485
vn -0.7614 -0.6249 0.1723
vn -0.7730 -0.6344 0.0070
vn -0.4656 -0.5674 0.6792
vn -0.5305 -0.6464 0.5485
vn -0.6249 -0.7614 0.1723
vn -0.6344 -0.7730 0.0070
vn -0.3460 -0.6473 0.6792
vn -0.3942 -0.7375 0.5485
vn -0.4643 -0.8687 0.1723
vn -0.4714 -0.8819 0.0071
vn -0.2131 -0.7023 0.6792
vn -0.2427 -0.8002 0.5485
vn -0.2859 -0.9426 0.1723
vn -0.2903 -0.9569 0.0071
vn -0.0719 -0.7304 0.6792
vn -0.0820 -0.8322 0.5485
vn -0.0966 -0.9803 0.1723
vn -0.0980 -0.9952 0.0071
vn 0.0719 -0.7304 0.6792
vn 0.0820 -0.8322 0.5485
vn 0.0966 -0.9803 0.1723
vn 0.0980 -0.9952 0.0071
vn 0.2131 -0.7023 0.6792
vn 0.2427 -0.8002 0.5485
vn 0.2859 -0.9426 0.1723
vn 0.2903 -0.9569 0.0071
vn 0.3460 -0.6473 0.6792
vn 0.3942 -0.7374 0.5485
vn 0.4643 -0.8687 0.1723
vn 0.4714 -0.8819 0.0071
vn 0.4656 -0.5673 0.6792
vn 0.5305 -0.6464 0.5485
vn 0.6249 -0.7614 0.1723
vn 0.6344 -0.7730 0.0071
vn 0.5673 -0.4656 0.6792
vn 0.6464 -0.5305 0.5485
vn 0.7614 -0.6249 0.1723
vn 0.7730 -0.6344 0.0070
vn 0.6473 -0.3460 0.6792
vn 0.7374 -0.3942 0.5485
vn 0.8687 -0.4643 0.1723
vn 0.8819 -0.4714 0.0071
vn 0.7024 -0.2130 0.6792
vn 0.8002 -0.2427 0.5485
vn 0.9426 -0.2859 0.1723
vn 0.9569 -0.2903 0.0071
vn 0.7304 -0.0719 0.6792
vn 0.8321 -0.0820 0.5485
vn 0.9803 -0.0966 0.1723
vn 0.9952 -0.0980 0.0070
vn 0.1557 -0.0153 0.9877
vn 0.4518 -0.0445 0.8910
vn 0.7037 -0.0693 0.7071
vn 0.8867 -0.0873 0.4540
vn 0.9829 -0.0968 0.1564
vn 0.1497 -0.0454 0.9877
vn 0.4344 -0.1318 0.8910
vn 0.6767 -0.2053 0.7071
vn 0.8526 -0.2586 0.4540
vn 0.9452 -0.2867 0.1564
vn 0.1380 -0.0737 0.9877
vn 0.4004 -0.2140 0.8910
vn 0.6236 -0.3333 0.7071
vn 0.7858 -0.4200 0.4540
vn 0.8711 -0.4656 0.1564
vn 0.1209 -0.0993 0.9877
vn 0.3509 -0.2880 0.8910
vn 0.5466 -0.4486 0.7071
vn 0.6888 -0.5652 0.4540
vn 0.7635 -0.6266 0.1564
vn 0.0992 -0.1209 0.9877
vn 0.2880 -0.3509 0.8910
vn 0.4486 -0.5466 0.7071
vn 0.5653 -0.6888 0.4540
vn 0.6266 -0.7635 0.1564
vn 0.0737 -0.1379 0.9877
vn 0.2140 -0.4004 0.8910
vn 0.3333 -0.6236 0.7071
vn 0.4200 -0.7858 0.4540
vn 0.4656 -0.8711 0.1564
vn 0.0454 -0.1497 0.9877
vn 0.1318 -0.4344 0.8910
vn 0.2053 -0.6766 0.7071
vn 0.2586 -0.8526 0.4540
vn 0.2867 -0.9452 0.1564
vn 0.0153 -0.1557 0.9877
vn 0.0445 -0.4518 0.8910
vn 0.0693 -0.7037 0.7071
vn 0.0873 -0.8867 0.4540
vn 0.0968 -0.9829 0.1564
vn -0.0153 -0.1557 0.9877
vn -0.0445 -0.4518 0.8910
vn -0.0693 -0.7037 0.7071
vn -0.0873 -0.8867 0.4540
vn -0.0968 -0.9829 0.1564
vn -0.0454 -0.1497 0.9877
vn -0.1318 -0.4344 0.8910
vn -0.2053 -0.6766 0.7071
vn -0.2586 -0.8526 0.4540
vn -0.2867 -0.9452 0.1564
vn -0.0737 -0.1379 0.9877
vn -0.2140 -0.4004 0.8910
vn -0.3333 -0.6236 0.7071
vn -0.4200 -0.7858 0.4540
vn -0.4656 -0.8711 0.1564
vn -0.0992 -0.1209 0.9877
vn -0.2880 -0.3509 0.8910
vn -0.4486 -0.5466 0.7071
vn -0.5652 -0.6888 0.4540
vn -0.6266 -0.7635 0.1564
vn -0.1209 -0.0993 0.9877
vn -0.3509 -0.2880 0.8910
vn -0.5466 -0.4486 0.7071
vn -0.6888 -0.5652 0.4540
vn -0.7635 -0.6266 0.1564
vn -0.1380 -0.0737 0.9877
vn -0.4004 -0.2140 0.8910
vn -0.6236 -0.3333 0.7071
vn -0.7858 -0.4200 0.4540
vn -0.8711 -0.4656 0.1564
vn -0.1497 -0.0454 0.9877
vn -0.4344 -0.1318 0.8910
vn -0.6767 -0.2053 0.7071
vn -0.8526 -0.2586 0.4540
vn -0.9452 -0.2867 0.1564
vn -0.1557 -0.0153 0.9877
vn -0.4518 -0.0445 0.8910
vn -0.7037 -0.0693 0.7071
vn -0.8867 -0.0873 0.4540
vn -0.9829 -0.0968 0.1564
vn -0.1557 0.0153 0.9877
vn -0.4518 0.0445 0.8910
vn -0.7037 0.0693 0.7071
vn -0.8867 0.0873 0.4540
vn -0.9829 0.0968 0.1564
vn -0.1497 0.0454 0.9877
vn -0.4344 0.1318 0.8910
vn -0.6767 0.2053 0.7071
vn -0.8526 0.2586 0.4540
vn -0.9452 0.2867 0.1564
vn -0.1380 0.0737 0.9877
vn -0.4004 0.2140 0.8910
vn -0.6236 0.3333 0.7071
vn -0.7858 0.4200 0.4540
vn -0.8711 0.4656 0.1564
vn -0.1209 0.0992 0.9877
vn -0.3509 0.2880 0.8910
vn -0.5466 0.4486 0.7071
vn -0.6888 0.5652 0.4540
vn -0.7635 0.6266 0.1564
vn -0.0992 0.1209 0.9877
vn -0.2880 0.3509 0.8910
vn -0.4486 0.5466 0.7071
vn -0.5652 0.6888 0.4540
vn -0.6266 0.7635 0.1564
vn -0.0737 0.1379 0.9877
vn -0.2140 0.4004 0.8910
vn -0.3333 0.6236 0.7071
vn -0.4200 0.7858 0.4540
vn -0.4656 0.8711 0.1564
vn -0.0454 0.1497 0.9877
vn -0.1318 0.4344 0.8910
vn -0.2053 0.6767 0.7071
vn -0.2587 0.8526 0.4540
vn -0.2867 0.9452 0.1564
vn -0.0153 0.1557 0.9877
vn -0.0445 0.4518 0.8910
vn -0.0693 0.7037 0.7071
vn -0.0873 0.8867 0.4540
vn -0.0968 0.9829 0.1564
vn 0.0153 0.1557 0.9877
vn 0.0445 0.4518 0.8910
vn 0.0693 0.7037 0.7071
vn 0.0873 0.8867 0.4540
vn 0.0968 0.9829 0.1564
vn 0.0454 0.1497 0.9877
vn 0.1318 0.4345 0.8910
vn 0.2053 0.6767 0.7071
vn 0.2586 0.8526 0.4540
vn 0.2867 0.9452 0.1564
vn 0.0737 0.1380 0.9877
vn 0.2140 0.4004 0.8910
vn 0.3333 0.6236 0.7071
vn 0.4200 0.7858 0.4540
vn 0.4656 0.8711 0.1564
vn 0.0992 0.1209 0.9877
vn 0.2880 0.3509 0.8910
vn 0.4486 0.5466 0.7071
vn 0.5652 0.6888 0.4540
vn 0.6266 0.7635 0.1564
vn 0.1209 0.0993 0.9877
vn 0.3509 0.2880 0.8910
vn 0.5466 0.4486 0.7071
vn 0.6888 0.5653 0.4540
vn 0.7635 0.6266 0.1564
vn 0.1380 0.0737 0.9877
vn 0.4004 0.2140 0.8910
vn 0.6236 0.3333 0.7071
vn 0.7858 0.4200 0.4540
vn 0.8711 0.4656 0.1564
vn 0.1497 0.0454 0.9877
vn 0.4344 0.1318 0.8910
vn 0.6767 0.2053 0.7071
vn 0.8526 0.2586 0.4540
vn 0.9452 0.2867 0.1564
vn 0.1557 0.0153 0.9877
vn 0.4518 0.0445 0.8910
vn 0.7037 0.0693 0.7071
vn 0.8867 0.0873 0.4540
vn 0.9829 0.0968 0.1564
vn 0.0194 0.3346 -0.9422
vn 0.0589 0.1904 -0.9799
vn 0.0883 0.1270 -0.9880
vn 0.1270 0.0836 -0.9884
vn 0.1906 0.0383 -0.9809
vn 0.3364 -0.0322 -0.9412
vn -0.0483 0.2025 -0.9781
vn -0.0011 0.1099 -0.9939
vn 0.0325 0.0659 -0.9973
vn 0.0659 0.0314 -0.9973
vn 0.1099 -0.0055 -0.9939
vn 0.2028 -0.0710 -0.9766
vn -0.0955 0.1395 -0.9856
vn -0.0365 0.0693 -0.9969
vn -0.0010 0.0309 -0.9995
vn 0.0309 -0.0013 -0.9995
vn 0.0693 -0.0376 -0.9969
vn 0.1396 -0.1005 -0.9851
vn -0.1395 0.0955 -0.9856
vn -0.0693 0.0365 -0.9969
vn -0.0309 0.0010 -0.9995
vn 0.0013 -0.0309 -0.9995
vn 0.0376 -0.0693 -0.9969
vn 0.1005 -0.1396 -0.9851
vn -0.2025 0.0483 -0.9781
vn -0.1099 0.0011 -0.9939
vn -0.0659 -0.0325 -0.9973
vn -0.0314 -0.0659 -0.9973
vn 0.0055 -0.1099 -0.9939
vn 0.0710 -0.2028 -0.9766
vn -0.3346 -0.0194 -0.9422
vn -0.1904 -0.0589 -0.9799
vn -0.1270 -0.0883 -0.9880
vn -0.0836 -0.1270 -0.9884
vn -0.0383 -0.1906 -0.9809
vn 0.0322 -0.3364 -0.9412
vn 0.9901 -0.0974 -0.1006
vn 0.9464 -0.0926 -0.3095
vn 0.8388 -0.0814 -0.5383
vn 0.6209 -0.0595 -0.7817
vn 0.2397 -0.0225 -0.9706
vn 0.9465 -0.2869 -0.1478
vn 0.8611 -0.2635 -0.4347
vn 0.6849 -0.2189 -0.6949
vn 0.4152 -0.1530 -0.8968
vn 0.0772 -0.0699 -0.9946
vn 0.8686 -0.4640 -0.1736
vn 0.7482 -0.4001 -0.5293
vn 0.5048 -0.2729 -0.8190
vn 0.2012 -0.1161 -0.9726
vn -0.0885 0.0324 -0.9955
vn 0.7600 -0.6236 -0.1834
vn 0.6396 -0.5248 -0.5616
vn 0.4038 -0.3321 -0.8525
vn 0.1322 -0.1106 -0.9850
vn -0.1084 0.0851 -0.9905
vn 0.6238 -0.7601 -0.1822
vn 0.5250 -0.6398 -0.5613
vn 0.3292 -0.4008 -0.8550
vn 0.1037 -0.1248 -0.9868
vn -0.0939 0.1178 -0.9886
vn 0.4646 -0.8691 -0.1699
vn 0.3994 -0.7471 -0.5314
vn 0.2617 -0.4867 -0.8334
vn 0.0910 -0.1601 -0.9829
vn -0.0636 0.1392 -0.9882
vn 0.2872 -0.9469 -0.1448
vn 0.2584 -0.8494 -0.4601
vn 0.1921 -0.6130 -0.7663
vn 0.0938 -0.2470 -0.9645
vn -0.0082 0.1414 -0.9899
vn 0.0975 -0.9904 -0.0984
vn 0.0933 -0.9484 -0.3030
vn 0.0827 -0.8446 -0.5289
vn 0.0612 -0.6309 -0.7735
vn 0.0236 -0.2464 -0.9689
vn -0.0974 -0.9904 -0.0979
vn -0.0928 -0.9488 -0.3018
vn -0.0820 -0.8454 -0.5278
vn -0.0603 -0.6310 -0.7734
vn -0.0229 -0.2457 -0.9691
vn -0.2869 -0.9466 -0.1468
vn -0.2638 -0.8622 -0.4325
vn -0.2195 -0.6867 -0.6930
vn -0.1535 -0.4155 -0.8965
vn -0.0696 -0.0736 -0.9949
vn -0.4640 -0.8686 -0.1738
vn -0.3996 -0.7475 -0.5306
vn -0.2713 -0.5027 -0.8208
vn -0.1134 -0.1982 -0.9736
vn 0.0355 0.0913 -0.9952
vn -0.6235 -0.7598 -0.1844
vn -0.5241 -0.6387 -0.5633
vn -0.3314 -0.4031 -0.8530
vn -0.1110 -0.1331 -0.9849
vn 0.0836 0.1059 -0.9909
vn -0.7599 -0.6237 -0.1831
vn -0.6390 -0.5244 -0.5627
vn -0.4009 -0.3292 -0.8549
vn -0.1270 -0.1053 -0.9863
vn 0.1139 0.0911 -0.9893
vn -0.8691 -0.4645 -0.1702
vn -0.7470 -0.3993 -0.5315
vn -0.4874 -0.2618 -0.8330
vn -0.1622 -0.0914 -0.9825
vn 0.1362 0.0633 -0.9887
vn -0.9470 -0.2873 -0.1436
vn -0.8506 -0.2587 -0.4577
vn -0.6139 -0.1924 -0.7656
vn -0.2432 -0.0930 -0.9655
vn 0.1504 0.0103 -0.9886
vn -0.9906 -0.0976 -0.0955
vn -0.9509 -0.0935 -0.2949
vn -0.8516 -0.0833 -0.5176
vn -0.6422 -0.0623 -0.7640
vn -0.2537 -0.0242 -0.9670
vn -0.9901 0.0974 -0.1006
vn -0.9464 0.0926 -0.3095
vn -0.8388 0.0814 -0.5383
vn -0.6209 0.0595 -0.7817
vn -0.2397 0.0225 -0.9706
vn -0.9465 0.2869 -0.1478
vn -0.8611 0.2635 -0.4347
vn -0.6849 0.2189 -0.6949
vn -0.4152 0.1530 -0.8968
vn -0.0772 0.0699 -0.9946
vn -0.8686 0.4640 -0.1736
vn -0.7482 0.4001 -0.5293
vn -0.5048 0.2729 -0.8190
vn -0.2012 0.1161 -0.9726
vn 0.0885 -0.0324 -0.9955
vn -0.7600 0.6236 -0.1834
vn -0.6396 0.5248 -0.5616
vn -0.4038 0.3321 -0.8525
vn -0.1322 0.1106 -0.9850
vn 0.1084 -0.0851 -0.9905
vn -0.6238 0.7601 -0.1822
vn -0.5250 0.6398 -0.5613
vn -0.3292 0.4008 -0.8550
vn -0.1037 0.1248 -0.9868
vn 0.0939 -0.1178 -0.9886
vn -0.4646 0.8691 -0.1699
vn -0.3994 0.7471 -0.5314
vn -0.2617 0.4867 -0.8335
vn -0.0910 0.1601 -0.9829
vn 0.0636 -0.1392 -0.9882
vn -0.2872 0.9468 -0.1448
vn -0.2583 0.8494 -0.4601
vn -0.1921 0.6130 -0.7663
vn -0.0938 0.2470 -0.9645
vn 0.0082 -0.1414 -0.9899
vn -0.0975 0.9904 -0.0984
vn -0.0933 0.9484 -0.3030
vn -0.0827 0.8446 -0.5289
vn -0.0612 0.6309 -0.7735
vn -0.0236 0.2465 -0.9689
vn 0.0974 0.9904 -0.0979
vn 0.0928 0.9488 -0.3018
vn 0.0820 0.8454 -0.5278
vn 0.0603 0.6310 -0.7734
vn 0.0229 0.2458 -0.9691
vn 0.2869 0.9466 -0.1468
vn 0.2638 0.8622 -0.4325
vn 0.2195 0.6867 -0.6930
vn 0.1535 0.4155 -0.8965
vn 0.0696 0.0735 -0.9949
vn 0.4640 0.8686 -0.1738
vn 0.3996 0.7475 -0.5306
vn 0.2713 0.5027 -0.8208
vn 0.1135 0.1982 -0.9736
vn -0.0355 -0.0913 -0.9952
vn 0.6235 0.7598 -0.1844
vn 0.5241 0.6387 -0.5633
vn 0.3314 0.4031 -0.8530
vn 0.1110 0.1331 -0.9849
vn -0.0836 -0.1059 -0.9909
vn 0.7599 0.6237 -0.1831
vn 0.6390 0.5244 -0.5627
vn 0.4009 0.3292 -0.8549
vn 0.1270 0.1053 -0.9863
vn -0.1139 -0.0911 -0.9893
vn 0.8691 0.4645 -0.1702
vn 0.7470 0.3993 -0.5315
vn 0.4874 0.2618 -0.8330
vn 0.1622 0.0914 -0.9825
vn -0.1363 -0.0632 -0.9887
vn 0.9470 0.2873 -0.1436
vn 0.8506 0.2587 -0.4577
vn 0.6139 0.1924 -0.7656
vn 0.2432 0.0930 -0.9655
vn -0.1504 -0.0103 -0.9886
vn 0.9906 0.0976 -0.0955
vn 0.9509 0.0935 -0.2949
vn 0.8516 0.0833 -0.5176
vn 0.6422 0.0623 -0.7640
vn 0.2537 0.0242 -0.9670
vn 0.6512 -0.0641 0.7562
vn 0.5187 -0.0511 0.8534
vn 0.3954 -0.0389 0.9177
vn 0.2643 -0.0260 0.9641
vn 0.1031 -0.0102 0.9946
vn 0.6261 -0.1899 0.7562
vn 0.4988 -0.1513 0.8534
vn 0.3802 -0.1153 0.9177
vn 0.2541 -0.0771 0.9641
vn 0.0991 -0.0301 0.9946
vn 0.5771 -0.3084 0.7562
vn 0.4597 -0.2457 0.8534
vn 0.3504 -0.1873 0.9177
vn 0.2342 -0.1252 0.9641
vn 0.0914 -0.0488 0.9946
vn 0.5058 -0.4151 0.7562
vn 0.4029 -0.3306 0.8534
vn 0.3071 -0.2520 0.9177
vn 0.2053 -0.1685 0.9641
vn 0.0801 -0.0658 0.9946
vn 0.4151 -0.5058 0.7562
vn 0.3307 -0.4029 0.8534
vn 0.2520 -0.3071 0.9177
vn 0.1685 -0.2053 0.9641
vn 0.0657 -0.0801 0.9946
vn 0.3084 -0.5770 0.7562
vn 0.2457 -0.4597 0.8534
vn 0.1873 -0.3504 0.9177
vn 0.1252 -0.2342 0.9641
vn 0.0488 -0.0914 0.9946
vn 0.1899 -0.6261 0.7562
vn 0.1513 -0.4988 0.8534
vn 0.1153 -0.3802 0.9177
vn 0.0771 -0.2541 0.9641
vn 0.0301 -0.0991 0.9946
vn 0.0641 -0.6512 0.7562
vn 0.0511 -0.5187 0.8535
vn 0.0389 -0.3954 0.9177
vn 0.0260 -0.2643 0.9641
vn 0.0102 -0.1031 0.9946
vn -0.0641 -0.6512 0.7562
vn -0.0511 -0.5187 0.8535
vn -0.0389 -0.3954 0.9177
vn -0.0260 -0.2643 0.9641
vn -0.0102 -0.1031 0.9946
vn -0.1899 -0.6262 0.7562
vn -0.1513 -0.4987 0.8534
vn -0.1153 -0.3802 0.9177
vn -0.0771 -0.2541 0.9641
vn -0.0301 -0.0992 0.9946
vn -0.3084 -0.5770 0.7562
vn -0.2457 -0.4597 0.8534
vn -0.1873 -0.3504 0.9177
vn -0.1252 -0.2342 0.9641
vn -0.0488 -0.0913 0.9946
vn -0.4151 -0.5058 0.7562
vn -0.3307 -0.4029 0.8534
vn -0.2520 -0.3071 0.9177
vn -0.1685 -0.2052 0.9641
vn -0.0657 -0.0801 0.9946
vn -0.5058 -0.4151 0.7562
vn -0.4029 -0.3306 0.8534
vn -0.3071 -0.2520 0.9177
vn -0.2053 -0.1685 0.9641
vn -0.0801 -0.0657 0.9946
vn -0.5770 -0.3085 0.7562
vn -0.4597 -0.2457 0.8534
vn -0.3504 -0.1873 0.9177
vn -0.2342 -0.1252 0.9641
vn -0.0914 -0.0488 0.9946
vn -0.6261 -0.1899 0.7562
vn -0.4988 -0.1513 0.8534
vn -0.3802 -0.1153 0.9177
vn -0.2541 -0.0771 0.9641
vn -0.0991 -0.0301 0.9946
vn -0.6512 -0.0641 0.7562
vn -0.5187 -0.0511 0.8534
vn -0.3954 -0.0389 0.9177
vn -0.2643 -0.0260 0.9641
vn -0.1031 -0.0102 0.9946
vn -0.6512 0.0641 0.7562
vn -0.5187 0.0511 0.8534
vn -0.3954 0.0389 0.9177
vn -0.2643 0.0260 0.9641
vn -0.1031 0.0102 0.9946
vn -0.6261 0.1899 0.7562
vn -0.4988 0.1513 0.8534
vn -0.3802 0.1153 0.9177
vn -0.2541 0.0771 0.9641
vn -0.0991 0.0301 0.9946
vn -0.5771 0.3084 0.7562
vn -0.4597 0.2457 0.8534
vn -0.3504 0.1873 0.9177
vn -0.2342 0.1252 0.9641
vn -0.0914 0.0488 0.9946
vn -0.5058 0.4151 0.7562
vn -0.4029 0.3306 0.8534
vn -0.3071 0.2520 0.9177
vn -0.2053 0.1685 0.9641
vn -0.0801 0.0658 0.9946
vn -0.4151 0.5058 0.7562
vn -0.3307 0.4029 0.8534
vn -0.2520 0.3071 0.9177
vn -0.1685 0.2053 0.9641
vn -0.0657 0.0801 0.9946
vn -0.3084 0.5770 0.7562
vn -0.2457 0.4597 0.8534
vn -0.1873 0.3504 0.9177
vn -0.1252 0.2342 0.9641
vn -0.0488 0.0914 0.9946
vn -0.1899 0.6261 0.7562
vn -0.1513 0.4988 0.8534
vn -0.1153 0.3802 0.9177
vn -0.0771 0.2541 0.9641
vn -0.0301 0.0991 0.9946
vn -0.0641 0.6512 0.7562
vn -0.0511 0.5187 0.8534
vn -0.0389 0.3954 0.9177
vn -0.0260 0.2642 0.9641
vn -0.0102 0.1031 0.9946
vn 0.0641 0.6512 0.7562
vn 0.0511 0.5187 0.8535
vn 0.0389 0.3954 0.9177
vn 0.0260 0.2643 0.9641
vn 0.0102 0.1032 0.9946
vn 0.1899 0.6262 0.7562
vn 0.1513 0.4987 0.8534
vn 0.1153 0.3802 0.9177
vn 0.0771 0.2541 0.9641
vn 0.0301 0.0992 0.9946
vn 0.3084 0.5770 0.7562
vn 0.2457 0.4597 0.8534
vn 0.1873 0.3504 0.9177
vn 0.1252 0.2342 0.9641
vn 0.0488 0.0913 0.9946
vn 0.4151 0.5058 0.7562
vn 0.3307 0.4029 0.8534
vn 0.2520 0.3071 0.9177
vn 0.1685 0.2052 0.9641
vn 0.0657 0.0801 0.9946
vn 0.5058 0.4151 0.7562
vn 0.4029 0.3306 0.8534
vn 0.3071 0.2520 0.9177
vn 0.2053 0.1685 0.9641
vn 0.0801 0.0657 0.9946
vn 0.5770 0.3085 0.7562
vn 0.4597 0.2457 0.8534
vn 0.3504 0.1873 0.9177
vn 0.2342 0.1252 0.9641
vn 0.0914 0.0488 0.9946
vn 0.6261 0.1899 0.7562
vn 0.4988 0.1513 0.8534
vn 0.3802 0.1153 0.9177
vn 0.2541 0.0771 0.9641
vn 0.0991 0.0301 0.9946
vn 0.6512 0.0641 0.7562
vn 0.5187 0.0511 0.8534
vn 0.3954 0.0389 0.9177
vn 0.2643 0.0260 0.9641
vn 0.1031 0.0101 0.9946
vn 0.9952 -0.0000 -0.0980
vn 0.9569 -0.0000 -0.2903
vn 0.8819 -0.0000 -0.4714
vn 0.7730 -0.0000 -0.6344
vn 0.6344 -0.0000 -0.7730
vn 0.4714 -0.0000 -0.8819
vn 0.2903 -0.0000 -0.9569
vn 0.0980 -0.0000 -0.9952
vn -0.0980 -0.0000 -0.9952
vn -0.2903 -0.0000 -0.9569
vn -0.4714 -0.0000 -0.8819
vn -0.6344 -0.0000 -0.7730
vn -0.7730 -0.0000 -0.6344
vn -0.8819 -0.0000 -0.4714
vn -0.9569 -0.0000 -0.2903
vn -0.9952 -0.0000 -0.0980
vn -0.9952 -0.0000 0.0980
vn -0.9569 -0.0000 0.2903
vn -0.8819 -0.0000 0.4714
vn -0.7730 -0.0000 0.6344
vn -0.6344 -0.0000 0.7730
vn -0.4714 -0.0000 0.8819
vn -0.2903 -0.0000 0.9569
vn -0.0980 -0.0000 0.9952
vn 0.0980 -0.0000 0.9952
vn 0.2903 -0.0000 0.9569
vn 0.4714 -0.0000 0.8819
vn 0.6344 -0.0000 0.7730
vn 0.7730 -0.0000 0.6344
vn 0.8819 -0.0000 0.4714
vn -0.0000 -1.0000 -0.0000
vn 0.9569 -0.0000 0.2903
vn 0.9952 -0.0000 0.0980
vn -0.0000 1.0000 -0.0000
vn -0.2181 0.1638 -0.9621
vn -0.1638 0.2181 -0.9621
vn -0.0805 0.2520 -0.9644
vn 0.0631 0.2429 -0.9680
vn 0.0500 0.3278 -0.9434
vn 0.1272 0.2647 -0.9559
vn 0.1742 0.2167 -0.9606
vn 0.2153 0.1621 -0.9630
vn 0.2562 0.0839 -0.9630
vn 0.2740 -0.0652 -0.9595
vn 0.3174 -0.0477 -0.9471
vn 0.2679 -0.1273 -0.9550
vn 0.2209 -0.1772 -0.9591
vn 0.1772 -0.2209 -0.9591
vn 0.1273 -0.2679 -0.9550
vn 0.0477 -0.3174 -0.9471
vn 0.0652 -0.2740 -0.9595
vn -0.0839 -0.2562 -0.9630
vn -0.1621 -0.2153 -0.9630
vn -0.2167 -0.1742 -0.9606
vn -0.2647 -0.1272 -0.9559
vn -0.3278 -0.0500 -0.9434
vn -0.2429 -0.0631 -0.9680
vn -0.2520 0.0805 -0.9644
vn -0.0000 -0.0001 1.0000
vn -0.0000 0.0001 1.0000
vn 0.9952 0.0980 0.0070
vn 0.7024 0.2130 0.6792
vn 0.9569 0.2903 0.0070
vn 0.4656 0.5673 0.6792
vn 0.3942 0.7374 0.5485
vn 0.2427 0.8002 0.5484
vn 0.0820 0.8321 0.5485
vn -0.0820 0.8321 0.5485
vn -0.4656 0.5674 0.6792
vn -0.6344 0.7730 0.0070
vn -0.7023 0.2131 0.6792
vn -0.8322 0.0820 0.5485
vn -0.9803 0.0965 0.1723
vn -0.9952 -0.0980 0.0070
vn -0.7024 -0.2130 0.6792
vn -0.9569 -0.2903 0.0070
vn -0.4656 -0.5673 0.6792
vn -0.3942 -0.7374 0.5485
vn -0.2427 -0.8002 0.5484
vn -0.0820 -0.8321 0.5485
vn 0.0820 -0.8321 0.5485
vn 0.4656 -0.5674 0.6792
vn 0.6344 -0.7730 0.0070
vn 0.7023 -0.2131 0.6792
vn 0.8322 -0.0820 0.5485
vn 0.9803 -0.0965 0.1723
vn 0.1380 -0.0738 0.9877
vn 0.1209 -0.0992 0.9877
vn 0.5652 -0.6888 0.4540
vn 0.0737 -0.1380 0.9877
vn 0.1318 -0.4345 0.8910
vn 0.2053 -0.6767 0.7071
vn -0.1318 -0.4345 0.8910
vn -0.2053 -0.6767 0.7071
vn -0.0737 -0.1380 0.9877
vn -0.1209 -0.0992 0.9877
vn -0.6888 -0.5653 0.4540
vn -0.1380 -0.0738 0.9877
vn -0.1380 0.0738 0.9877
vn -0.6888 0.5653 0.4540
vn -0.0737 0.1380 0.9877
vn -0.2586 0.8526 0.4540
vn 0.1318 0.4344 0.8910
vn 0.0737 0.1379 0.9877
vn 0.5653 0.6888 0.4540
vn 0.1209 0.0992 0.9877
vn -0.0322 0.3364 -0.9412
vn 0.0383 0.1906 -0.9809
vn 0.0836 0.1270 -0.9884
vn 0.1270 0.0883 -0.9880
vn 0.1904 0.0589 -0.9799
vn 0.3346 0.0194 -0.9422
vn -0.0710 0.2028 -0.9766
vn -0.0055 0.1099 -0.9939
vn 0.0314 0.0659 -0.9973
vn 0.0659 0.0325 -0.9973
vn 0.1099 -0.0011 -0.9939
vn 0.2025 -0.0483 -0.9781
vn -0.1005 0.1396 -0.9851
vn -0.0376 0.0693 -0.9969
vn -0.0013 0.0309 -0.9995
vn 0.0309 -0.0010 -0.9995
vn 0.0693 -0.0365 -0.9969
vn 0.1395 -0.0955 -0.9856
vn -0.1396 0.1005 -0.9851
vn -0.0693 0.0376 -0.9969
vn -0.0309 0.0013 -0.9995
vn 0.0010 -0.0309 -0.9995
vn 0.0365 -0.0693 -0.9969
vn 0.0955 -0.1396 -0.9856
vn -0.2028 0.0710 -0.9766
vn -0.1099 0.0055 -0.9939
vn -0.0659 -0.0314 -0.9973
vn -0.0325 -0.0659 -0.9973
vn 0.0011 -0.1099 -0.9939
vn 0.0483 -0.2025 -0.9781
vn -0.3364 0.0322 -0.9412
vn -0.1906 -0.0383 -0.9809
vn -0.1270 -0.0836 -0.9884
vn -0.0883 -0.1270 -0.9880
vn -0.0589 -0.1904 -0.9799
vn -0.0194 -0.3346 -0.9422
vn 0.9904 -0.0975 -0.0984
vn 0.9484 -0.0933 -0.3030
vn 0.8446 -0.0827 -0.5289
vn 0.6308 -0.0612 -0.7735
vn 0.2465 -0.0236 -0.9689
vn 0.9468 -0.2872 -0.1448
vn 0.8494 -0.2583 -0.4601
vn 0.6131 -0.1921 -0.7663
vn 0.2470 -0.0938 -0.9645
vn -0.1414 0.0082 -0.9899
vn 0.8691 -0.4645 -0.1699
vn 0.7471 -0.3994 -0.5314
vn 0.4867 -0.2617 -0.8335
vn 0.1601 -0.0910 -0.9829
vn -0.1392 0.0636 -0.9882
vn 0.7601 -0.6238 -0.1822
vn 0.6398 -0.5250 -0.5613
vn 0.4008 -0.3292 -0.8550
vn 0.1248 -0.1037 -0.9868
vn -0.1177 0.0939 -0.9886
vn 0.6236 -0.7599 -0.1834
vn 0.5249 -0.6396 -0.5616
vn 0.3321 -0.4038 -0.8525
vn 0.1106 -0.1322 -0.9850
vn -0.0851 0.1084 -0.9905
vn 0.4640 -0.8686 -0.1736
vn 0.4001 -0.7481 -0.5293
vn 0.2729 -0.5047 -0.8190
vn 0.1161 -0.2013 -0.9726
vn -0.0324 0.0885 -0.9955
vn 0.2869 -0.9465 -0.1478
vn 0.2635 -0.8612 -0.4347
vn 0.2189 -0.6849 -0.6949
vn 0.1531 -0.4152 -0.8968
vn 0.0699 -0.0772 -0.9946
vn 0.0974 -0.9901 -0.1006
vn 0.0926 -0.9464 -0.3094
vn 0.0814 -0.8388 -0.5383
vn 0.0595 -0.6208 -0.7817
vn 0.0225 -0.2397 -0.9706
vn -0.0976 -0.9906 -0.0955
vn -0.0935 -0.9509 -0.2949
vn -0.0833 -0.8516 -0.5176
vn -0.0623 -0.6422 -0.7640
vn -0.0242 -0.2537 -0.9670
vn -0.2873 -0.9470 -0.1436
vn -0.2587 -0.8506 -0.4577
vn -0.1925 -0.6139 -0.7655
vn -0.0930 -0.2432 -0.9655
vn 0.0103 0.1504 -0.9886
vn -0.4645 -0.8691 -0.1702
vn -0.3993 -0.7470 -0.5315
vn -0.2618 -0.4874 -0.8330
vn -0.0914 -0.1622 -0.9825
vn 0.0632 0.1362 -0.9887
vn -0.6237 -0.7599 -0.1832
vn -0.5244 -0.6390 -0.5627
vn -0.3292 -0.4009 -0.8549
vn -0.1053 -0.1270 -0.9863
vn 0.0911 0.1139 -0.9893
vn -0.7598 -0.6235 -0.1844
vn -0.6387 -0.5241 -0.5633
vn -0.4032 -0.3314 -0.8530
vn -0.1331 -0.1110 -0.9849
vn 0.1059 0.0836 -0.9909
vn -0.8686 -0.4640 -0.1738
vn -0.7475 -0.3997 -0.5306
vn -0.5027 -0.2713 -0.8208
vn -0.1982 -0.1135 -0.9736
vn 0.0913 0.0355 -0.9952
vn -0.9466 -0.2869 -0.1468
vn -0.8622 -0.2638 -0.4325
vn -0.6867 -0.2195 -0.6930
vn -0.4155 -0.1535 -0.8965
vn -0.0736 -0.0696 -0.9949
vn -0.9904 -0.0974 -0.0979
vn -0.9488 -0.0928 -0.3018
vn -0.8454 -0.0820 -0.5278
vn -0.6310 -0.0603 -0.7734
vn -0.2457 -0.0229 -0.9691
vn -0.9904 0.0975 -0.0984
vn -0.9484 0.0933 -0.3030
vn -0.8446 0.0827 -0.5289
vn -0.6308 0.0612 -0.7735
vn -0.2465 0.0236 -0.9689
vn -0.9468 0.2872 -0.1448
vn -0.8494 0.2583 -0.4601
vn -0.6131 0.1921 -0.7663
vn -0.2470 0.0938 -0.9645
vn 0.1414 -0.0082 -0.9899
vn -0.8691 0.4645 -0.1699
vn -0.7471 0.3994 -0.5314
vn -0.4867 0.2617 -0.8335
vn -0.1601 0.0910 -0.9829
vn 0.1392 -0.0636 -0.9882
vn -0.7601 0.6238 -0.1822
vn -0.6398 0.5250 -0.5613
vn -0.4008 0.3292 -0.8550
vn -0.1248 0.1037 -0.9868
vn 0.1177 -0.0939 -0.9886
vn -0.6236 0.7599 -0.1834
vn -0.5249 0.6396 -0.5616
vn -0.3321 0.4038 -0.8525
vn -0.1106 0.1322 -0.9850
vn 0.0851 -0.1084 -0.9905
vn -0.4640 0.8686 -0.1736
vn -0.4001 0.7481 -0.5293
vn -0.2729 0.5047 -0.8190
vn -0.1161 0.2012 -0.9726
vn 0.0324 -0.0885 -0.9955
vn -0.2869 0.9465 -0.1478
vn -0.2635 0.8611 -0.4347
vn -0.2189 0.6849 -0.6949
vn -0.1531 0.4152 -0.8968
vn -0.0699 0.0773 -0.9946
vn -0.0974 0.9901 -0.1006
vn -0.0926 0.9464 -0.3095
vn -0.0814 0.8388 -0.5383
vn -0.0595 0.6209 -0.7816
vn -0.0225 0.2396 -0.9706
vn 0.0976 0.9906 -0.0955
vn 0.0935 0.9509 -0.2949
vn 0.0833 0.8516 -0.5176
vn 0.0623 0.6422 -0.7640
vn 0.0242 0.2537 -0.9670
vn 0.2873 0.9470 -0.1436
vn 0.2587 0.8506 -0.4577
vn 0.1925 0.6139 -0.7656
vn 0.0930 0.2432 -0.9655
vn -0.0103 -0.1504 -0.9886
vn 0.4645 0.8691 -0.1702
vn 0.3993 0.7470 -0.5315
vn 0.2618 0.4874 -0.8330
vn 0.0914 0.1622 -0.9825
vn -0.0632 -0.1363 -0.9887
vn 0.6237 0.7599 -0.1832
vn 0.5244 0.6390 -0.5627
vn 0.3292 0.4009 -0.8549
vn 0.1053 0.1270 -0.9863
vn -0.0911 -0.1139 -0.9893
vn 0.7598 0.6235 -0.1844
vn 0.6387 0.5241 -0.5633
vn 0.4031 0.3314 -0.8530
vn 0.1331 0.1110 -0.9849
vn -0.1059 -0.0836 -0.9909
vn 0.8686 0.4640 -0.1738
vn 0.7475 0.3996 -0.5306
vn 0.5027 0.2713 -0.8208
vn 0.1982 0.1135 -0.9736
vn -0.0913 -0.0355 -0.9952
vn 0.9466 0.2869 -0.1468
vn 0.8622 0.2638 -0.4325
vn 0.6867 0.2195 -0.6930
vn 0.4155 0.1535 -0.8965
vn 0.0736 0.0696 -0.9949
vn 0.9904 0.0974 -0.0979
vn 0.9488 0.0928 -0.3018
vn 0.8454 0.0820 -0.5278
vn 0.6310 0.0603 -0.7734
vn 0.2457 0.0229 -0.9691
vn 0.1031 -0.0101 0.9946
vn 0.5770 -0.3085 0.7562
vn 0.4029 -0.3307 0.8534
vn 0.0801 -0.0657 0.9946
vn 0.1685 -0.2052 0.9641
vn 0.2457 -0.4596 0.8534
vn 0.1252 -0.2341 0.9641
vn 0.0488 -0.0913 0.9946
vn 0.1899 -0.6262 0.7562
vn 0.0301 -0.0992 0.9946
vn 0.0511 -0.5187 0.8534
vn 0.0260 -0.2642 0.9641
vn -0.0511 -0.5187 0.8534
vn -0.0260 -0.2642 0.9641
vn -0.1899 -0.6261 0.7562
vn -0.1513 -0.4988 0.8534
vn -0.0301 -0.0991 0.9946
vn -0.0488 -0.0914 0.9946
vn -0.3306 -0.4029 0.8534
vn -0.1685 -0.2053 0.9641
vn -0.4029 -0.3307 0.8534
vn -0.5771 -0.3084 0.7562
vn -0.5770 0.3085 0.7562
vn -0.4029 0.3307 0.8534
vn -0.0801 0.0657 0.9946
vn -0.1685 0.2052 0.9641
vn -0.2457 0.4596 0.8534
vn -0.1252 0.2341 0.9641
vn -0.0488 0.0913 0.9946
vn -0.1899 0.6262 0.7562
vn -0.0301 0.0992 0.9946
vn -0.0511 0.5187 0.8535
vn -0.0260 0.2643 0.9641
vn -0.0102 0.1032 0.9946
vn 0.0511 0.5187 0.8534
vn 0.0260 0.2642 0.9641
vn 0.0102 0.1031 0.9946
vn 0.1899 0.6261 0.7562
vn 0.1513 0.4988 0.8534
vn 0.0301 0.0991 0.9946
vn 0.0488 0.0914 0.9946
vn 0.3306 0.4029 0.8534
vn 0.1685 0.2053 0.9641
vn 0.4029 0.3307 0.8534
vn 0.5771 0.3084 0.7562
vn 0.1031 0.0102 0.9946
vt 0.250000 0.431809
vt 0.285469 0.428316
vt 0.319575 0.417970
vt 0.351008 0.401169
vt 0.378558 0.378558
vt 0.401169 0.351008
vt 0.417970 0.319575
vt 0.428316 0.285469
vt 0.431809 0.250000
vt 0.428316 0.214531
vt 0.417970 0.180425
vt 0.401169 0.148992
vt 0.378558 0.121442
vt 0.351008 0.098831
vt 0.319575 0.082030
vt 0.285469 0.071684
vt 0.250000 0.068191
vt 0.214531 0.071684
vt 0.180425 0.082030
vt 0.148992 0.098831
vt 0.121442 0.121442
vt 0.098831 0.148992
vt 0.082030 0.180425
vt 0.071684 0.214531
vt 0.068191 0.250000
vt 0.071684 0.285469
vt 0.082030 0.319575
vt 0.098831 0.351008
vt 0.121442 0.378558
vt 0.148992 0.401169
vt 0.180425 0.417970
vt 0.214531 0.428316
vt 0.285469 0.428316
vt 0.250000 0.431809
vt 0.319575 0.417970
vt 0.351008 0.401169
vt 0.378558 0.378558
vt 0.401169 0.351008
vt 0.417970 0.319575
vt 0.428316 0.285469
vt 0.431809 0.250000
vt 0.428316 0.214531
vt 0.417970 0.180425
vt 0.401169 0.148992
vt 0.378558 0.121442
vt 0.351008 0.098831
vt 0.319575 0.082030
vt 0.285469 0.071684
vt 0.250000 0.068191
vt 0.214531 0.071684
vt 0.180425 0.082030
vt 0.148992 0.098831
vt 0.121442 0.121442
vt 0.098831 0.148992
vt 0.082030 0.180425
vt 0.071684 0.214531
vt 0.068191 0.250000
vt 0.071684 0.285469
vt 0.082030 0.319575
vt 0.098831 0.351008
vt 0.121442 0.378558
vt 0.148992 0.401169
vt 0.180425 0.417970
vt 0.214531 0.428316
vt 0.276606 0.383758
vt 0.250000 0.386378
vt 0.302190 0.375997
vt 0.325768 0.363394
vt 0.346434 0.346434
vt 0.363394 0.325768
vt 0.375997 0.302190
vt 0.383758 0.276606
vt 0.386378 0.250000
vt 0.383758 0.223394
vt 0.375997 0.197810
vt 0.363394 0.174232
vt 0.346434 0.153566
vt 0.325768 0.136606
vt 0.302190 0.124003
vt 0.276606 0.116242
vt 0.250000 0.113622
vt 0.223394 0.116242
vt 0.197810 0.124003
vt 0.174232 0.136606
vt 0.153566 0.153566
vt 0.136606 0.174232
vt 0.124003 0.197810
vt 0.116242 0.223394
vt 0.113622 0.250000
vt 0.116242 0.276606
vt 0.124003 0.302190
vt 0.136606 0.325768
vt 0.153566 0.346434
vt 0.174232 0.363394
vt 0.197810 0.375997
vt 0.223394 0.383758
vt 1.000000 0.953153
vt 0.000000 0.953153
vt 1.000000 0.946905
vt 0.000000 0.946905
vt 0.000001 0.951708
vt 0.999999 0.951708
vt 0.000044 0.949905
vt 0.999956 0.949905
vt 0.000001 0.948240
vt 0.999999 0.948240
vt 0.968750 0.946905
vt 0.968750 0.953153
vt 0.968750 0.948240
vt 0.968750 0.949905
vt 0.968750 0.951708
vt 0.937500 0.946905
vt 0.937500 0.953153
vt 0.937500 0.948240
vt 0.937500 0.949905
vt 0.937500 0.951708
vt 0.906250 0.946905
vt 0.906250 0.953153
vt 0.906250 0.948240
vt 0.906250 0.949905
vt 0.906250 0.951708
vt 0.875000 0.946905
vt 0.875000 0.953153
vt 0.875000 0.948240
vt 0.875000 0.949905
vt 0.875000 0.951708
vt 0.843750 0.946905
vt 0.843750 0.953153
vt 0.843750 0.948240
vt 0.843750 0.949905
vt 0.843750 0.951708
vt 0.812500 0.946905
vt 0.812500 0.953153
vt 0.812500 0.948240
vt 0.812500 0.949905
vt 0.812500 0.951708
vt 0.781250 0.946905
vt 0.781250 0.953153
vt 0.781250 0.948240
vt 0.781250 0.949905
vt 0.781250 0.951708
vt 0.750000 0.946905
vt 0.750000 0.953153
vt 0.750000 0.948240
vt 0.750000 0.949905
vt 0.750000 0.951708
vt 0.718750 0.946905
vt 0.718750 0.953153
vt 0.718750 0.948240
vt 0.718750 0.949905
vt 0.718750 0.951708
vt 0.687500 0.946905
vt 0.687500 0.953153
vt 0.687500 0.948240
vt 0.687500 0.949905
vt 0.687500 0.951708
vt 0.656250 0.946905
vt 0.656250 0.953153
vt 0.656250 0.948240
vt 0.656250 0.949905
vt 0.656250 0.951708
vt 0.625000 0.946905
vt 0.625000 0.953153
vt 0.625000 0.948240
vt 0.625000 0.949905
vt 0.625000 0.951708
vt 0.593750 0.946905
vt 0.593750 0.953153
vt 0.593750 0.948240
vt 0.593750 0.949905
vt 0.593750 0.951708
vt 0.562500 0.946905
vt 0.562500 0.953153
vt 0.562500 0.948240
vt 0.562500 0.949905
vt 0.562500 0.951708
vt 0.531250 0.946905
vt 0.531250 0.953153
vt 0.531250 0.948240
vt 0.531250 0.949905
vt 0.531250 0.951708
vt 0.500000 0.946905
vt 0.500000 0.953153
vt 0.500000 0.948240
vt 0.500000 0.949905
vt 0.500000 0.951708
vt 0.468750 0.946905
vt 0.468750 0.953153
vt 0.468750 0.948240
vt 0.468750 0.949905
vt 0.468750 0.951708
vt 0.437500 0.946905
vt 0.437500 0.953153
vt 0.437500 0.948240
vt 0.437500 0.949905
vt 0.437500 0.951708
vt 0.406250 0.946905
vt 0.406250 0.953153
vt 0.406250 0.948240
vt 0.406250 0.949905
vt 0.406250 0.951708
vt 0.375000 0.946905
vt 0.375000 0.953153
vt 0.375000 0.948240
vt 0.375000 0.949905
vt 0.375000 0.951708
vt 0.343750 0.946905
vt 0.343750 0.953153
vt 0.343750 0.948240
vt 0.343750 0.949905
vt 0.343750 0.951708
vt 0.312500 0.946905
vt 0.312500 0.953153
vt 0.312500 0.948240
vt 0.312500 0.949905
vt 0.312500 0.951708
vt 0.281250 0.946905
vt 0.281250 0.953153
vt 0.281250 0.948240
vt 0.281250 0.949905
vt 0.281250 0.951708
vt 0.250000 0.946905
vt 0.250000 0.953153
vt 0.250000 0.948240
vt 0.250000 0.949905
vt 0.250000 0.951708
vt 0.218750 0.946905
vt 0.218750 0.953153
vt 0.218750 0.948240
vt 0.218750 0.949905
vt 0.218750 0.951708
vt 0.187500 0.946905
vt 0.187500 0.953153
vt 0.187500 0.948240
vt 0.187500 0.949905
vt 0.187500 0.951708
vt 0.156250 0.946905
vt 0.156250 0.953153
vt 0.156250 0.948240
vt 0.156250 0.949905
vt 0.156250 0.951708
vt 0.125000 0.946905
vt 0.125000 0.953153
vt 0.125000 0.948240
vt 0.125000 0.949905
vt 0.125000 0.951708
vt 0.093750 0.946905
vt 0.093750 0.953153
vt 0.093750 0.948240
vt 0.093750 0.949905
vt 0.093750 0.951708
vt 0.062500 0.946905
vt 0.062500 0.953153
vt 0.062500 0.948240
vt 0.062500 0.949905
vt 0.062500 0.951708
vt 0.031250 0.946905
vt 0.031250 0.953153
vt 0.031250 0.948240
vt 0.031250 0.949905
vt 0.031250 0.951708
vt 0.276606 0.383758
vt 0.281382 0.407766
vt 0.276608 0.383769
vt 0.276615 0.383802
vt 0.278575 0.393655
vt 0.279906 0.400347
vt 0.250000 0.410857
vt 0.250000 0.386378
vt 0.250000 0.403293
vt 0.250000 0.396469
vt 0.250000 0.386423
vt 0.250000 0.386390
vt 0.302190 0.375997
vt 0.311557 0.398613
vt 0.302194 0.376008
vt 0.302207 0.376039
vt 0.306051 0.385320
vt 0.308663 0.391624
vt 0.325768 0.363394
vt 0.339367 0.383748
vt 0.325774 0.363404
vt 0.325793 0.363432
vt 0.331374 0.371784
vt 0.335165 0.377458
vt 0.346434 0.346434
vt 0.363743 0.363743
vt 0.346442 0.346442
vt 0.346466 0.346466
vt 0.353569 0.353569
vt 0.358394 0.358394
vt 0.363394 0.325768
vt 0.383748 0.339367
vt 0.363404 0.325774
vt 0.363432 0.325793
vt 0.371784 0.331374
vt 0.377458 0.335165
vt 0.375997 0.302190
vt 0.398613 0.311557
vt 0.376008 0.302194
vt 0.376039 0.302207
vt 0.385320 0.306051
vt 0.391624 0.308663
vt 0.383758 0.276606
vt 0.407766 0.281382
vt 0.383769 0.276608
vt 0.383802 0.276615
vt 0.393655 0.278575
vt 0.400347 0.279906
vt 0.386378 0.250000
vt 0.410857 0.250000
vt 0.386390 0.250000
vt 0.386423 0.250000
vt 0.396469 0.250000
vt 0.403293 0.250000
vt 0.383758 0.223394
vt 0.407766 0.218618
vt 0.383769 0.223392
vt 0.383802 0.223385
vt 0.393654 0.221425
vt 0.400347 0.220094
vt 0.375997 0.197810
vt 0.398613 0.188443
vt 0.376008 0.197806
vt 0.376039 0.197793
vt 0.385320 0.193949
vt 0.391624 0.191337
vt 0.363394 0.174232
vt 0.383748 0.160633
vt 0.363404 0.174226
vt 0.363432 0.174207
vt 0.371784 0.168626
vt 0.377458 0.164835
vt 0.346434 0.153566
vt 0.363743 0.136257
vt 0.346442 0.153558
vt 0.346466 0.153534
vt 0.353569 0.146431
vt 0.358394 0.141606
vt 0.325768 0.136606
vt 0.339368 0.116252
vt 0.325774 0.136596
vt 0.325793 0.136568
vt 0.331374 0.128216
vt 0.335165 0.122542
vt 0.302190 0.124003
vt 0.311557 0.101387
vt 0.302194 0.123992
vt 0.302207 0.123961
vt 0.306051 0.114680
vt 0.308663 0.108376
vt 0.276606 0.116242
vt 0.281382 0.092234
vt 0.276608 0.116231
vt 0.276615 0.116198
vt 0.278575 0.106345
vt 0.279906 0.099653
vt 0.250000 0.113622
vt 0.250000 0.089143
vt 0.250000 0.113610
vt 0.250000 0.113577
vt 0.250000 0.103531
vt 0.250000 0.096707
vt 0.223394 0.116242
vt 0.218618 0.092234
vt 0.223392 0.116231
vt 0.223385 0.116198
vt 0.221425 0.106346
vt 0.220094 0.099653
vt 0.197810 0.124003
vt 0.188443 0.101387
vt 0.197806 0.123992
vt 0.197793 0.123961
vt 0.193949 0.114680
vt 0.191337 0.108376
vt 0.174232 0.136606
vt 0.160633 0.116252
vt 0.174226 0.136596
vt 0.174207 0.136568
vt 0.168626 0.128216
vt 0.164835 0.122542
vt 0.153566 0.153566
vt 0.136257 0.136257
vt 0.153558 0.153558
vt 0.153534 0.153534
vt 0.146431 0.146431
vt 0.141606 0.141606
vt 0.136606 0.174232
vt 0.116252 0.160633
vt 0.136596 0.174226
vt 0.136568 0.174207
vt 0.128216 0.168626
vt 0.122542 0.164835
vt 0.124003 0.197810
vt 0.101387 0.188443
vt 0.123992 0.197806
vt 0.123961 0.197793
vt 0.114680 0.193949
vt 0.108376 0.191337
vt 0.116242 0.223394
vt 0.092234 0.218618
vt 0.116231 0.223392
vt 0.116198 0.223385
vt 0.106345 0.221425
vt 0.099653 0.220094
vt 0.113622 0.250000
vt 0.089143 0.250000
vt 0.113610 0.250000
vt 0.113577 0.250000
vt 0.103531 0.250000
vt 0.096707 0.250000
vt 0.116242 0.276606
vt 0.092234 0.281382
vt 0.116231 0.276608
vt 0.116198 0.276615
vt 0.106346 0.278575
vt 0.099653 0.279906
vt 0.124003 0.302190
vt 0.101387 0.311557
vt 0.123992 0.302194
vt 0.123961 0.302207
vt 0.114680 0.306051
vt 0.108376 0.308663
vt 0.136606 0.325768
vt 0.116252 0.339367
vt 0.136596 0.325774
vt 0.136568 0.325793
vt 0.128216 0.331374
vt 0.122542 0.335165
vt 0.153566 0.346434
vt 0.136257 0.363743
vt 0.153558 0.346442
vt 0.153534 0.346466
vt 0.146431 0.353569
vt 0.141606 0.358394
vt 0.174232 0.363394
vt 0.160633 0.383748
vt 0.174226 0.363404
vt 0.174207 0.363432
vt 0.168626 0.371784
vt 0.164835 0.377458
vt 0.197810 0.375997
vt 0.188443 0.398613
vt 0.197806 0.376008
vt 0.197793 0.376039
vt 0.193949 0.385320
vt 0.191337 0.391624
vt 0.223394 0.383758
vt 0.218618 0.407766
vt 0.223392 0.383769
vt 0.223385 0.383802
vt 0.221425 0.393655
vt 0.220094 0.400347
vt 0.687500 0.500000
vt 0.685033 0.500000
vt 0.684659 0.500000
vt 0.679348 0.500000
vt 0.661932 0.500000
vt 0.617599 0.500000
vt 0.500000 0.500000
vt 0.643914 0.500000
vt 0.625000 0.500000
vt 0.609375 0.500000
vt 0.589286 0.500000
vt 0.557292 0.500000
vt 0.500000 0.500000
vt 0.382401 0.500000
vt 0.610795 0.500000
vt 0.585069 0.500000
vt 0.562500 0.500000
vt 0.536290 0.500000
vt 0.500000 0.500000
vt 0.442708 0.500000
vt 0.338068 0.500000
vt 0.581522 0.500000
vt 0.553571 0.500000
vt 0.528226 0.500000
vt 0.500000 0.500000
vt 0.463710 0.500000
vt 0.410714 0.500000
vt 0.320652 0.500000
vt 0.553977 0.500000
vt 0.526042 0.500000
vt 0.500000 0.500000
vt 0.471774 0.500000
vt 0.437500 0.500000
vt 0.390625 0.500000
vt 0.315341 0.500000
vt 0.527138 0.500000
vt 0.500000 0.500000
vt 0.473958 0.500000
vt 0.446429 0.500000
vt 0.414931 0.500000
vt 0.375000 0.500000
vt 0.314967 0.500000
vt 0.500000 0.500000
vt 0.472862 0.500000
vt 0.446023 0.500000
vt 0.418478 0.500000
vt 0.389205 0.500000
vt 0.356086 0.500000
vt 0.312500 0.500000
vt 0.745910 0.500000
vt 1.000000 0.504000
vt 0.000000 0.504000
vt 0.817652 0.500000
vt 0.887463 0.500000
vt 1.000032 0.501649
vt 0.000184 0.500000
vt 0.994304 0.500000
vt 1.000008 0.502764
vt 0.000047 0.502764
vt 0.968750 0.504000
vt 0.792755 0.500000
vt 0.969256 0.502764
vt 0.970725 0.501649
vt 0.893181 0.500000
vt 0.846384 0.500000
vt 0.937500 0.504000
vt 0.846227 0.500000
vt 0.937788 0.502812
vt 0.938624 0.501838
vt 0.895480 0.500000
vt 0.873311 0.500000
vt 0.906250 0.504000
vt 0.845326 0.500000
vt 0.906385 0.502825
vt 0.906775 0.501888
vt 0.878222 0.500000
vt 0.863407 0.500000
vt 0.875000 0.504000
vt 0.828137 0.500000
vt 0.875000 0.502828
vt 0.875000 0.501899
vt 0.853540 0.500000
vt 0.842069 0.500000
vt 0.843750 0.504000
vt 0.804079 0.500000
vt 0.843615 0.502825
vt 0.843225 0.501888
vt 0.825645 0.500000
vt 0.815888 0.500000
vt 0.812500 0.504000
vt 0.776132 0.500000
vt 0.812212 0.502812
vt 0.811377 0.501838
vt 0.796012 0.500000
vt 0.786986 0.500000
vt 0.781250 0.504000
vt 0.746051 0.500000
vt 0.780744 0.502764
vt 0.779275 0.501649
vt 0.766058 0.500000
vt 0.756752 0.500000
vt 0.750000 0.504000
vt 0.728147 0.500000
vt 0.749972 0.502764
vt 0.749892 0.501649
vt 0.741393 0.500000
vt 0.735249 0.500000
vt 0.718750 0.504000
vt 0.707636 0.500000
vt 0.719275 0.502764
vt 0.720799 0.501649
vt 0.713617 0.500000
vt 0.710930 0.500000
vt 0.687500 0.504000
vt 0.676252 0.500000
vt 0.687802 0.502813
vt 0.688679 0.501842
vt 0.681949 0.500000
vt 0.679494 0.500000
vt 0.656250 0.504000
vt 0.646258 0.500000
vt 0.656392 0.502825
vt 0.656805 0.501886
vt 0.651523 0.500000
vt 0.649190 0.500000
vt 0.625000 0.504000
vt 0.615898 0.500000
vt 0.625000 0.502827
vt 0.625000 0.501895
vt 0.620840 0.500000
vt 0.618606 0.500000
vt 0.593750 0.504000
vt 0.585007 0.500000
vt 0.593608 0.502825
vt 0.593195 0.501886
vt 0.589884 0.500000
vt 0.587642 0.500000
vt 0.562500 0.504000
vt 0.553374 0.500000
vt 0.562198 0.502813
vt 0.561321 0.501842
vt 0.558627 0.500000
vt 0.556165 0.500000
vt 0.531250 0.504000
vt 0.520136 0.500000
vt 0.530725 0.502764
vt 0.529201 0.501649
vt 0.526655 0.500000
vt 0.523567 0.500000
vt 0.500000 0.504000
vt 0.501024 0.500000
vt 0.500028 0.502764
vt 0.500108 0.501649
vt 0.500413 0.500000
vt 0.500700 0.500000
vt 0.468750 0.504000
vt 0.480483 0.500000
vt 0.469256 0.502764
vt 0.470725 0.501649
vt 0.473626 0.500000
vt 0.476868 0.500000
vt 0.437500 0.504000
vt 0.447589 0.500000
vt 0.437788 0.502812
vt 0.438624 0.501838
vt 0.441829 0.500000
vt 0.444515 0.500000
vt 0.406250 0.504000
vt 0.416168 0.500000
vt 0.406385 0.502825
vt 0.406775 0.501888
vt 0.410665 0.500000
vt 0.413187 0.500000
vt 0.375000 0.504000
vt 0.385414 0.500000
vt 0.375000 0.502828
vt 0.375000 0.501899
vt 0.379770 0.500000
vt 0.382318 0.500000
vt 0.343750 0.504000
vt 0.355085 0.500000
vt 0.343615 0.502825
vt 0.343225 0.501888
vt 0.349093 0.500000
vt 0.351754 0.500000
vt 0.312500 0.504000
vt 0.324936 0.500000
vt 0.312212 0.502812
vt 0.311376 0.501838
vt 0.318549 0.500000
vt 0.321329 0.500000
vt 0.281250 0.504000
vt 0.292983 0.500000
vt 0.280744 0.502764
vt 0.279275 0.501649
vt 0.286618 0.500000
vt 0.289493 0.500000
vt 0.250000 0.504000
vt 0.269806 0.500000
vt 0.249972 0.502764
vt 0.249892 0.501649
vt 0.257780 0.500000
vt 0.263351 0.500000
vt 0.218750 0.504000
vt 0.252091 0.500000
vt 0.219275 0.502764
vt 0.220799 0.501649
vt 0.233147 0.500000
vt 0.241957 0.500000
vt 0.187500 0.504000
vt 0.220396 0.500000
vt 0.187802 0.502813
vt 0.188679 0.501842
vt 0.202420 0.500000
vt 0.210580 0.500000
vt 0.156250 0.504000
vt 0.191220 0.500000
vt 0.156392 0.502825
vt 0.156805 0.501886
vt 0.172175 0.500000
vt 0.180801 0.500000
vt 0.125000 0.504000
vt 0.165957 0.500000
vt 0.125000 0.502827
vt 0.125000 0.501895
vt 0.143718 0.500000
vt 0.153771 0.500000
vt 0.093750 0.504000
vt 0.147454 0.500000
vt 0.093608 0.502825
vt 0.093195 0.501886
vt 0.118448 0.500000
vt 0.131514 0.500000
vt 0.062500 0.504000
vt 0.145058 0.500000
vt 0.062198 0.502813
vt 0.061321 0.501842
vt 0.100687 0.500000
vt 0.120605 0.500000
vt 0.031250 0.504000
vt 0.197957 0.500000
vt 0.030701 0.502764
vt 0.097649 0.500000
vt 0.029293 0.501649
vt 0.029108 0.500000
vt 0.105786 0.500000
vt 0.099969 0.500000
vt 0.147885 0.500000
vt 0.146442 0.500000
vt 0.295847 0.480487
vt 0.968750 0.997835
vt 0.296181 0.482166
vt 0.296547 0.484009
vt 0.968750 1.000000
vt 0.296822 0.485388
vt 0.968739 0.998576
vt 0.000000 0.997835
vt 1.000000 0.997835
vt 0.250000 0.485002
vt 0.999989 0.998576
vt 0.000011 0.998576
vt 0.000000 1.000000
vt 1.000000 1.000000
vt 0.250000 0.490000
vt 0.250000 0.488593
vt 0.250000 0.486714
vt 0.339932 0.467114
vt 0.937500 0.997835
vt 0.340587 0.468695
vt 0.341306 0.470431
vt 0.937500 1.000000
vt 0.341844 0.471731
vt 0.937489 0.998576
vt 0.380560 0.445397
vt 0.906250 0.997835
vt 0.381511 0.446821
vt 0.382555 0.448383
vt 0.906250 1.000000
vt 0.383337 0.449553
vt 0.906239 0.998576
vt 0.416172 0.416172
vt 0.875000 0.997835
vt 0.417382 0.417382
vt 0.418711 0.418711
vt 0.875000 1.000000
vt 0.419706 0.419706
vt 0.874989 0.998576
vt 0.445397 0.380560
vt 0.843750 0.997835
vt 0.446821 0.381511
vt 0.448383 0.382555
vt 0.843750 1.000000
vt 0.449553 0.383337
vt 0.843739 0.998576
vt 0.467114 0.339932
vt 0.812500 0.997835
vt 0.468695 0.340587
vt 0.470431 0.341306
vt 0.812500 1.000000
vt 0.471731 0.341844
vt 0.812489 0.998576
vt 0.480487 0.295847
vt 0.781250 0.997835
vt 0.482166 0.296181
vt 0.484009 0.296547
vt 0.781250 1.000000
vt 0.485388 0.296822
vt 0.781239 0.998576
vt 0.485002 0.250000
vt 0.750000 0.997835
vt 0.486714 0.250000
vt 0.488593 0.250000
vt 0.750000 1.000000
vt 0.490000 0.250000
vt 0.749989 0.998576
vt 0.480487 0.204153
vt 0.718750 0.997835
vt 0.482166 0.203819
vt 0.484009 0.203453
vt 0.718750 1.000000
vt 0.485388 0.203178
vt 0.718739 0.998576
vt 0.467114 0.160068
vt 0.687500 0.997835
vt 0.468695 0.159413
vt 0.470431 0.158694
vt 0.687500 1.000000
vt 0.471731 0.158156
vt 0.687489 0.998576
vt 0.445397 0.119440
vt 0.656250 0.997835
vt 0.446821 0.118489
vt 0.448383 0.117445
vt 0.656250 1.000000
vt 0.449553 0.116663
vt 0.656239 0.998576
vt 0.416172 0.083828
vt 0.625000 0.997835
vt 0.417382 0.082618
vt 0.418711 0.081289
vt 0.625000 1.000000
vt 0.419706 0.080294
vt 0.624989 0.998576
vt 0.380560 0.054603
vt 0.593750 0.997835
vt 0.381511 0.053179
vt 0.382555 0.051617
vt 0.593750 1.000000
vt 0.383337 0.050447
vt 0.593739 0.998576
vt 0.339932 0.032886
vt 0.562500 0.997835
vt 0.340587 0.031305
vt 0.341306 0.029569
vt 0.562500 1.000000
vt 0.341844 0.028269
vt 0.562489 0.998576
vt 0.295847 0.019513
vt 0.531250 0.997835
vt 0.296181 0.017834
vt 0.296547 0.015991
vt 0.531250 1.000000
vt 0.296822 0.014612
vt 0.531239 0.998576
vt 0.250000 0.014998
vt 0.500000 0.997835
vt 0.250000 0.013286
vt 0.250000 0.011407
vt 0.500000 1.000000
vt 0.250000 0.010000
vt 0.499989 0.998576
vt 0.204153 0.019513
vt 0.468750 0.997835
vt 0.203819 0.017834
vt 0.203453 0.015991
vt 0.468750 1.000000
vt 0.203178 0.014612
vt 0.468739 0.998576
vt 0.160068 0.032886
vt 0.437500 0.997835
vt 0.159413 0.031305
vt 0.158694 0.029569
vt 0.437500 1.000000
vt 0.158156 0.028269
vt 0.437489 0.998576
vt 0.119440 0.054603
vt 0.406250 0.997835
vt 0.118489 0.053179
vt 0.117445 0.051617
vt 0.406250 1.000000
vt 0.116663 0.050447
vt 0.406239 0.998576
vt 0.083828 0.083828
vt 0.375000 0.997835
vt 0.082618 0.082618
vt 0.081289 0.081289
vt 0.375000 1.000000
vt 0.080294 0.080294
vt 0.374989 0.998576
vt 0.054603 0.119440
vt 0.343750 0.997835
vt 0.053179 0.118489
vt 0.051617 0.117445
vt 0.343750 1.000000
vt 0.050447 0.116663
vt 0.343739 0.998576
vt 0.032886 0.160068
vt 0.312500 0.997835
vt 0.031305 0.159413
vt 0.029569 0.158694
vt 0.312500 1.000000
vt 0.028269 0.158156
vt 0.312489 0.998576
vt 0.019513 0.204153
vt 0.281250 0.997835
vt 0.017834 0.203819
vt 0.015991 0.203453
vt 0.281250 1.000000
vt 0.014612 0.203178
vt 0.281239 0.998576
vt 0.014998 0.250000
vt 0.250000 0.997835
vt 0.013286 0.250000
vt 0.011407 0.250000
vt 0.250000 1.000000
vt 0.010000 0.250000
vt 0.249989 0.998576
vt 0.019513 0.295847
vt 0.218750 0.997835
vt 0.017834 0.296181
vt 0.015991 0.296547
vt 0.218750 1.000000
vt 0.014612 0.296822
vt 0.218739 0.998576
vt 0.032886 0.339932
vt 0.187500 0.997835
vt 0.031305 0.340587
vt 0.029569 0.341306
vt 0.187500 1.000000
vt 0.028269 0.341844
vt 0.187489 0.998576
vt 0.054603 0.380560
vt 0.156250 0.997835
vt 0.053179 0.381511
vt 0.051617 0.382555
vt 0.156250 1.000000
vt 0.050447 0.383337
vt 0.156239 0.998576
vt 0.083828 0.416172
vt 0.125000 0.997835
vt 0.082618 0.417382
vt 0.081289 0.418711
vt 0.125000 1.000000
vt 0.080294 0.419706
vt 0.124989 0.998576
vt 0.119440 0.445397
vt 0.093750 0.997835
vt 0.118489 0.446821
vt 0.117445 0.448383
vt 0.093750 1.000000
vt 0.116663 0.449553
vt 0.093739 0.998576
vt 0.160068 0.467114
vt 0.062500 0.997835
vt 0.159413 0.468695
vt 0.158694 0.470431
vt 0.062500 1.000000
vt 0.158156 0.471731
vt 0.062489 0.998576
vt 0.204153 0.480487
vt 0.031250 0.997835
vt 0.203819 0.482166
vt 0.203453 0.484009
vt 0.031250 1.000000
vt 0.203178 0.485388
vt 0.031239 0.998576
vt 0.276606 0.383758
vt 0.276606 0.383758
vt 0.276606 0.383758
vt 0.276606 0.383758
vt 0.276606 0.383758
vt 0.276606 0.383758
vt 0.276606 0.383758
vt 0.276606 0.383758
vt 0.250000 0.386379
vt 0.250000 0.386379
vt 0.250000 0.386379
vt 0.250000 0.386378
vt 0.250000 0.386378
vt 0.250000 0.386378
vt 0.250000 0.386378
vt 0.250000 0.386378
vt 0.302190 0.375997
vt 0.302190 0.375997
vt 0.302190 0.375997
vt 0.302190 0.375997
vt 0.302190 0.375997
vt 0.302190 0.375997
vt 0.302190 0.375997
vt 0.302190 0.375997
vt 0.223394 0.383758
vt 0.223394 0.383758
vt 0.223394 0.383758
vt 0.223394 0.383758
vt 0.223394 0.383758
vt 0.223394 0.383758
vt 0.223394 0.383758
vt 0.223394 0.383758
vt 0.325768 0.363394
vt 0.325768 0.363394
vt 0.325768 0.363394
vt 0.325768 0.363394
vt 0.325768 0.363394
vt 0.325768 0.363394
vt 0.325768 0.363394
vt 0.325768 0.363394
vt 0.346434 0.346434
vt 0.346434 0.346434
vt 0.346434 0.346434
vt 0.346434 0.346434
vt 0.346434 0.346434
vt 0.346434 0.346434
vt 0.346434 0.346434
vt 0.346434 0.346434
vt 0.363394 0.325768
vt 0.363394 0.325768
vt 0.363394 0.325768
vt 0.363394 0.325768
vt 0.363394 0.325768
vt 0.363394 0.325768
vt 0.363394 0.325768
vt 0.363394 0.325768
vt 0.375997 0.302190
vt 0.375997 0.302190
vt 0.375997 0.302190
vt 0.375997 0.302190
vt 0.375997 0.302190
vt 0.375997 0.302190
vt 0.375997 0.302190
vt 0.375997 0.302190
vt 0.383758 0.276606
vt 0.383758 0.276606
vt 0.383758 0.276606
vt 0.383758 0.276606
vt 0.383758 0.276606
vt 0.383758 0.276606
vt 0.383758 0.276606
vt 0.383758 0.276606
vt 0.386378 0.250000
vt 0.386378 0.250000
vt 0.386378 0.250000
vt 0.386378 0.250000
vt 0.386378 0.250000
vt 0.386378 0.250000
vt 0.386378 0.250000
vt 0.386378 0.250000
vt 0.383758 0.223394
vt 0.383758 0.223394
vt 0.383758 0.223394
vt 0.383758 0.223394
vt 0.383758 0.223394
vt 0.383758 0.223394
vt 0.383758 0.223394
vt 0.383758 0.223394
vt 0.375997 0.197810
vt 0.375997 0.197810
vt 0.375997 0.197810
vt 0.375997 0.197810
vt 0.375997 0.197810
vt 0.375997 0.197810
vt 0.375997 0.197810
vt 0.375997 0.197810
vt 0.363394 0.174232
vt 0.363394 0.174232
vt 0.363394 0.174232
vt 0.363394 0.174232
vt 0.363394 0.174232
vt 0.363394 0.174232
vt 0.363394 0.174232
vt 0.363394 0.174232
vt 0.346434 0.153566
vt 0.346434 0.153566
vt 0.346434 0.153566
vt 0.346434 0.153566
vt 0.346434 0.153566
vt 0.346434 0.153566
vt 0.346434 0.153566
vt 0.346434 0.153566
vt 0.325768 0.136606
vt 0.325768 0.136606
vt 0.325768 0.136606
vt 0.325768 0.136606
vt 0.325768 0.136606
vt 0.325768 0.136606
vt 0.325768 0.136606
vt 0.325768 0.136606
vt 0.302190 0.124003
vt 0.302190 0.124003
vt 0.302190 0.124003
vt 0.302190 0.124003
vt 0.302190 0.124003
vt 0.302190 0.124003
vt 0.302190 0.124003
vt 0.302190 0.124003
vt 0.276606 0.116242
vt 0.276606 0.116242
vt 0.276606 0.116242
vt 0.276606 0.116242
vt 0.276606 0.116242
vt 0.276606 0.116242
vt 0.276606 0.116242
vt 0.276606 0.116242
vt 0.250000 0.113622
vt 0.250000 0.113622
vt 0.250000 0.113622
vt 0.250000 0.113622
vt 0.250000 0.113622
vt 0.250000 0.113622
vt 0.250000 0.113622
vt 0.250000 0.113622
vt 0.223394 0.116242
vt 0.223394 0.116242
vt 0.223394 0.116242
vt 0.223394 0.116242
vt 0.223394 0.116242
vt 0.223394 0.116242
vt 0.223394 0.116242
vt 0.223394 0.116242
vt 0.197810 0.124003
vt 0.197810 0.124003
vt 0.197810 0.124003
vt 0.197810 0.124003
vt 0.197810 0.124003
vt 0.197810 0.124003
vt 0.197810 0.124003
vt 0.197810 0.124003
vt 0.174232 0.136606
vt 0.174232 0.136606
vt 0.174232 0.136606
vt 0.174232 0.136606
vt 0.174232 0.136606
vt 0.174232 0.136606
vt 0.174232 0.136606
vt 0.174232 0.136606
vt 0.153566 0.153566
vt 0.153566 0.153566
vt 0.153566 0.153566
vt 0.153566 0.153566
vt 0.153566 0.153566
vt 0.153566 0.153566
vt 0.153566 0.153566
vt 0.153566 0.153566
vt 0.136606 0.174232
vt 0.136606 0.174232
vt 0.136606 0.174232
vt 0.136606 0.174232
vt 0.136606 0.174232
vt 0.136606 0.174232
vt 0.136606 0.174232
vt 0.136606 0.174232
vt 0.124003 0.197810
vt 0.124003 0.197810
vt 0.124003 0.197810
vt 0.124003 0.197810
vt 0.124003 0.197810
vt 0.124003 0.197810
vt 0.124003 0.197810
vt 0.124003 0.197810
vt 0.116242 0.223394
vt 0.116242 0.223394
vt 0.116242 0.223394
vt 0.116242 0.223394
vt 0.116242 0.223394
vt 0.116242 0.223394
vt 0.116242 0.223394
vt 0.116242 0.223394
vt 0.113622 0.250000
vt 0.113622 0.250000
vt 0.113622 0.250000
vt 0.113622 0.250000
vt 0.113622 0.250000
vt 0.113622 0.250000
vt 0.113622 0.250000
vt 0.113622 0.250000
vt 0.116242 0.276606
vt 0.116242 0.276606
vt 0.116242 0.276606
vt 0.116242 0.276606
vt 0.116242 0.276606
vt 0.116242 0.276606
vt 0.116242 0.276606
vt 0.116242 0.276606
vt 0.124003 0.302190
vt 0.124003 0.302190
vt 0.124003 0.302190
vt 0.124003 0.302190
vt 0.124003 0.302190
vt 0.124003 0.302190
vt 0.124003 0.302190
vt 0.124003 0.302190
vt 0.136606 0.325768
vt 0.136606 0.325768
vt 0.136606 0.325768
vt 0.136606 0.325768
vt 0.136606 0.325768
vt 0.136606 0.325768
vt 0.136606 0.325768
vt 0.136606 0.325768
vt 0.153566 0.346434
vt 0.153566 0.346434
vt 0.153566 0.346434
vt 0.153566 0.346434
vt 0.153566 0.346434
vt 0.153566 0.346434
vt 0.153566 0.346434
vt 0.153566 0.346434
vt 0.174232 0.363394
vt 0.174232 0.363394
vt 0.174232 0.363394
vt 0.174232 0.363394
vt 0.174232 0.363394
vt 0.174232 0.363394
vt 0.174232 0.363394
vt 0.174232 0.363394
vt 0.197810 0.375997
vt 0.197810 0.375997
vt 0.197810 0.375997
vt 0.197810 0.375997
vt 0.197810 0.375997
vt 0.197810 0.375997
vt 0.197810 0.375997
vt 0.197810 0.375997
vt 1.000000 0.500000
vt 0.000000 0.500000
vt 0.750000 0.490000
vt 1.000000 1.000000
vt 0.250000 0.490000
vt 0.000000 1.000000
vt 0.968750 0.500000
vt 0.796822 0.485388
vt 0.968750 1.000000
vt 0.296822 0.485388
vt 0.937500 0.500000
vt 0.841844 0.471731
vt 0.937500 1.000000
vt 0.341844 0.471731
vt 0.906250 0.500000
vt 0.883337 0.449553
vt 0.906250 1.000000
vt 0.383337 0.449553
vt 0.875000 0.500000
vt 0.919706 0.419706
vt 0.875000 1.000000
vt 0.419706 0.419706
vt 0.843750 0.500000
vt 0.949553 0.383337
vt 0.843750 1.000000
vt 0.449553 0.383337
vt 0.812500 0.500000
vt 0.971731 0.341844
vt 0.812500 1.000000
vt 0.471731 0.341844
vt 0.781250 0.500000
vt 0.985388 0.296822
vt 0.781250 1.000000
vt 0.485388 0.296822
vt 0.750000 0.500000
vt 0.990000 0.250000
vt 0.750000 1.000000
vt 0.490000 0.250000
vt 0.718750 0.500000
vt 0.985388 0.203178
vt 0.718750 1.000000
vt 0.485388 0.203178
vt 0.687500 0.500000
vt 0.971731 0.158156
vt 0.687500 1.000000
vt 0.471731 0.158156
vt 0.656250 0.500000
vt 0.949553 0.116663
vt 0.656250 1.000000
vt 0.449553 0.116663
vt 0.625000 0.500000
vt 0.919706 0.080294
vt 0.625000 1.000000
vt 0.419706 0.080294
vt 0.593750 0.500000
vt 0.883337 0.050447
vt 0.593750 1.000000
vt 0.383337 0.050447
vt 0.562500 0.500000
vt 0.841844 0.028269
vt 0.562500 1.000000
vt 0.341844 0.028269
vt 0.531250 0.500000
vt 0.796822 0.014612
vt 0.531250 1.000000
vt 0.296822 0.014612
vt 0.500000 0.500000
vt 0.750000 0.010000
vt 0.500000 1.000000
vt 0.250000 0.010000
vt 0.468750 0.500000
vt 0.703178 0.014612
vt 0.468750 1.000000
vt 0.203178 0.014612
vt 0.437500 0.500000
vt 0.658156 0.028269
vt 0.437500 1.000000
vt 0.158156 0.028269
vt 0.406250 0.500000
vt 0.616663 0.050447
vt 0.406250 1.000000
vt 0.116663 0.050447
vt 0.375000 0.500000
vt 0.580294 0.080294
vt 0.375000 1.000000
vt 0.080294 0.080294
vt 0.343750 0.500000
vt 0.550447 0.116663
vt 0.343750 1.000000
vt 0.050447 0.116663
vt 0.312500 0.500000
vt 0.528269 0.158156
vt 0.312500 1.000000
vt 0.028269 0.158156
vt 0.281250 0.500000
vt 0.514612 0.203178
vt 0.281250 1.000000
vt 0.014612 0.203178
vt 0.250000 0.500000
vt 0.510000 0.250000
vt 0.250000 1.000000
vt 0.010000 0.250000
vt 0.218750 0.500000
vt 0.514612 0.296822
vt 0.218750 1.000000
vt 0.014612 0.296822
vt 0.187500 0.500000
vt 0.528269 0.341844
vt 0.187500 1.000000
vt 0.028269 0.341844
vt 0.156250 0.500000
vt 0.550447 0.383337
vt 0.156250 1.000000
vt 0.050447 0.383337
vt 0.125000 0.500000
vt 0.580294 0.419706
vt 0.125000 1.000000
vt 0.080294 0.419706
vt 0.093750 0.500000
vt 0.616663 0.449553
vt 0.093750 1.000000
vt 0.116663 0.449553
vt 0.062500 0.500000
vt 0.658156 0.471731
vt 0.158156 0.471731
vt 0.062500 1.000000
vt 0.031250 0.500000
vt 0.703178 0.485388
vt 0.203178 0.485388
vt 0.031250 1.000000
s 0
f 98/99/1 504/513/1 499/504/1
f 452/457/2 517/526/2 523/532/2
f 529/538/3 452/457/3 523/532/3
f 535/544/4 451/456/4 529/538/4
f 541/550/5 450/455/5 535/544/5
f 547/556/6 449/454/6 541/550/6
f 137/142/7 552/561/7 546/555/7
f 553/562/8 456/461/8 449/454/8
f 559/568/9 463/468/9 456/461/9
f 565/574/10 470/475/10 463/468/10
f 577/586/11 470/475/11 571/580/11
f 583/592/12 477/482/12 577/586/12
f 589/598/13 484/489/13 583/592/13
f 595/604/6 491/496/6 589/598/6
f 177/182/14 600/609/14 594/603/14
f 601/610/15 492/497/15 491/496/15
f 607/616/16 493/498/16 492/497/16
f 613/622/17 494/499/17 493/498/17
f 494/499/18 625/634/18 495/500/18
f 495/500/19 631/640/19 496/501/19
f 496/501/20 637/646/20 497/502/20
f 497/502/6 643/652/6 649/658/6
f 217/222/21 648/657/21 642/651/21
f 490/495/22 649/658/22 655/664/22
f 483/488/23 655/664/23 661/670/23
f 476/481/24 661/670/24 667/676/24
f 476/481/25 673/682/25 469/474/25
f 469/474/26 679/688/26 462/467/26
f 462/467/27 685/694/27 455/460/27
f 10/10/28 41/41/28 42/42/28
f 454/459/29 505/514/29 511/520/29
f 453/458/30 511/520/30 517/526/30
f 32/32/28 870/916/28 31/31/28
f 31/31/28 864/909/28 30/30/28
f 30/30/28 858/902/28 29/29/28
f 28/28/28 858/902/28 852/895/28
f 27/27/28 852/895/28 846/888/28
f 26/26/28 846/888/28 840/881/28
f 26/26/28 834/874/28 25/25/28
f 24/24/28 834/874/28 828/867/28
f 24/24/28 822/860/28 23/23/28
f 23/23/28 816/853/28 22/22/28
f 22/22/28 810/846/28 21/21/28
f 20/20/28 810/846/28 804/839/28
f 19/19/28 804/839/28 798/832/28
f 18/18/28 798/832/28 792/825/28
f 18/18/28 786/818/28 17/17/28
f 16/16/28 786/818/28 780/811/28
f 16/16/28 774/804/28 15/15/28
f 15/15/28 768/797/28 14/14/28
f 14/14/28 762/790/28 13/13/28
f 12/12/28 762/790/28 756/783/28
f 11/11/28 756/783/28 750/776/28
f 10/10/28 750/776/28 744/769/28
f 10/10/28 738/762/28 9/9/28
f 8/8/28 738/762/28 732/755/28
f 8/8/28 726/748/28 7/7/28
f 7/7/28 720/741/28 6/6/28
f 6/6/28 714/734/28 5/5/28
f 4/4/28 714/734/28 708/727/28
f 2/2/28 702/720/28 690/703/28
f 877/924/31 97/98/31 253/258/31
f 691/704/32 108/113/32 103/108/32
f 97/97/33 691/704/33 103/108/33
f 703/721/34 113/118/34 108/113/34
f 709/728/35 118/123/35 113/118/35
f 715/735/36 123/128/36 118/123/36
f 721/742/37 128/133/37 123/128/37
f 727/749/38 133/138/38 128/133/38
f 733/756/39 138/143/39 133/138/39
f 138/143/40 745/770/40 143/148/40
f 745/770/41 148/153/41 143/148/41
f 751/777/42 153/158/42 148/153/42
f 757/784/43 158/163/43 153/158/43
f 763/791/44 163/168/44 158/163/44
f 769/798/45 168/173/45 163/168/45
f 775/805/46 173/178/46 168/173/46
f 781/812/47 178/183/47 173/178/47
f 178/183/48 793/826/48 183/188/48
f 793/826/49 188/193/49 183/188/49
f 799/833/50 193/198/50 188/193/50
f 805/840/51 198/203/51 193/198/51
f 811/847/52 203/208/52 198/203/52
f 817/854/53 208/213/53 203/208/53
f 823/861/54 213/218/54 208/213/54
f 829/868/55 218/223/55 213/218/55
f 218/223/56 841/882/56 223/228/56
f 841/882/57 228/233/57 223/228/57
f 847/889/58 233/238/58 228/233/58
f 853/896/59 238/243/59 233/238/59
f 859/903/60 243/248/60 238/243/60
f 865/910/61 248/253/61 243/248/61
f 871/917/62 253/258/62 248/253/62
f 3/3/28 708/727/28 702/720/28
f 1018/1066/63 80/80/63 81/81/63
f 24/24/28 55/55/28 56/56/28
f 11/11/28 42/42/28 43/43/28
f 25/25/28 56/56/28 57/57/28
f 12/12/28 43/43/28 44/44/28
f 26/26/28 57/57/28 58/58/28
f 13/13/28 44/44/28 45/45/28
f 27/27/28 58/58/28 59/59/28
f 14/14/28 45/45/28 46/46/28
f 28/28/28 59/59/28 60/60/28
f 15/15/28 46/46/28 47/47/28
f 2/2/28 34/34/28 33/33/28
f 29/29/28 60/60/28 61/61/28
f 16/16/28 47/47/28 48/48/28
f 3/3/28 33/33/28 35/35/28
f 30/30/28 61/61/28 62/62/28
f 17/17/28 48/48/28 49/49/28
f 4/4/28 35/35/28 36/36/28
f 31/31/28 62/62/28 63/63/28
f 18/18/28 49/49/28 50/50/28
f 5/5/28 36/36/28 37/37/28
f 32/32/28 63/63/28 64/64/28
f 19/19/28 50/50/28 51/51/28
f 6/6/28 37/37/28 38/38/28
f 1/1/28 64/64/28 34/34/28
f 20/20/28 51/51/28 52/52/28
f 7/7/28 38/38/28 39/39/28
f 21/21/28 52/52/28 53/53/28
f 8/8/28 39/39/28 40/40/28
f 22/22/28 53/53/28 54/54/28
f 9/9/28 40/40/28 41/41/28
f 23/23/28 54/54/28 55/55/28
f 882/930/64 67/67/64 898/946/64
f 258/263/28 34/34/28 263/268/28
f 914/962/65 69/69/65 922/970/65
f 922/970/66 70/70/66 930/978/66
f 930/978/67 71/71/67 938/986/67
f 938/986/68 72/72/68 946/994/68
f 946/994/69 73/73/69 954/1002/69
f 954/1002/7 74/74/7 962/1010/7
f 962/1010/70 75/75/70 970/1018/70
f 970/1018/71 76/76/71 978/1026/71
f 986/1034/72 76/76/72 77/77/72
f 994/1042/73 77/77/73 78/78/73
f 1002/1050/74 78/78/74 79/79/74
f 348/353/28 47/47/28 342/347/28
f 1010/1058/75 79/79/75 80/80/75
f 1026/1074/14 81/81/14 82/82/14
f 1034/1082/76 82/82/76 83/83/76
f 1042/1090/77 83/83/77 84/84/77
f 1050/1098/78 84/84/78 85/85/78
f 1058/1106/79 85/85/79 86/86/79
f 1066/1114/80 86/86/80 87/87/80
f 1066/1114/81 88/88/81 1074/1122/81
f 1074/1122/82 89/89/82 1082/1130/82
f 1090/1138/21 89/89/21 90/90/21
f 1090/1138/83 91/91/83 1098/1146/83
f 1098/1146/84 92/92/84 1106/1154/84
f 1106/1154/85 93/93/85 1114/1162/85
f 1114/1162/86 94/94/86 1122/1170/86
f 1122/1170/87 95/95/87 1130/1178/87
f 1130/1178/88 96/96/88 913/961/88
f 898/946/89 68/68/89 914/962/89
f 83/83/28 75/75/28 67/67/28
f 913/961/90 66/66/90 897/945/90
f 432/437/28 61/61/28 426/431/28
f 348/353/28 49/49/28 48/48/28
f 270/275/28 36/36/28 35/35/28
f 438/443/28 62/62/28 432/437/28
f 360/365/28 49/49/28 354/359/28
f 276/281/28 37/37/28 36/36/28
f 444/449/28 63/63/28 438/443/28
f 366/371/28 50/50/28 360/365/28
f 288/293/28 37/37/28 282/287/28
f 444/449/28 34/34/28 64/64/28
f 366/371/28 52/52/28 51/51/28
f 294/299/28 38/38/28 288/293/28
f 372/377/28 53/53/28 52/52/28
f 300/305/28 39/39/28 294/299/28
f 384/389/28 53/53/28 378/383/28
f 300/305/28 41/41/28 40/40/28
f 390/395/28 54/54/28 384/389/28
f 312/317/28 41/41/28 306/311/28
f 396/401/28 55/55/28 390/395/28
f 318/323/28 42/42/28 312/317/28
f 396/401/28 57/57/28 56/56/28
f 318/323/28 44/44/28 43/43/28
f 408/413/28 57/57/28 402/407/28
f 324/329/28 45/45/28 44/44/28
f 414/419/28 58/58/28 408/413/28
f 336/341/28 45/45/28 330/335/28
f 414/419/28 60/60/28 59/59/28
f 342/347/28 46/46/28 336/341/28
f 270/275/28 33/33/28 258/263/28
f 420/425/28 61/61/28 60/60/28
f 97/98/91 256/261/91 253/258/91
f 99/101/92 255/260/92 256/261/92
f 100/103/93 254/259/93 255/260/93
f 101/105/94 252/257/94 254/259/94
f 253/258/95 251/256/95 248/253/95
f 256/261/96 250/255/96 251/256/96
f 250/255/97 254/259/97 249/254/97
f 254/259/98 247/252/98 249/254/98
f 248/253/99 246/251/99 243/248/99
f 251/256/100 245/250/100 246/251/100
f 245/250/101 249/254/101 244/249/101
f 249/254/102 242/247/102 244/249/102
f 238/243/103 246/251/103 241/246/103
f 246/251/104 240/245/104 241/246/104
f 240/245/105 244/249/105 239/244/105
f 244/249/106 237/242/106 239/244/106
f 238/243/107 236/241/107 233/238/107
f 241/246/108 235/240/108 236/241/108
f 240/245/109 234/239/109 235/240/109
f 239/244/110 232/237/110 234/239/110
f 228/233/111 236/241/111 231/236/111
f 236/241/112 230/235/112 231/236/112
f 235/240/113 229/234/113 230/235/113
f 229/234/114 232/237/114 227/232/114
f 223/228/115 231/236/115 226/231/115
f 226/231/116 230/235/116 225/230/116
f 230/235/117 224/229/117 225/230/117
f 229/234/118 222/227/118 224/229/118
f 223/228/119 221/226/119 218/223/119
f 226/231/120 220/225/120 221/226/120
f 225/230/121 219/224/121 220/225/121
f 224/229/122 217/222/122 219/224/122
f 218/223/123 216/221/123 213/218/123
f 221/226/124 215/220/124 216/221/124
f 220/225/125 214/219/125 215/220/125
f 219/224/126 212/217/126 214/219/126
f 213/218/127 211/216/127 208/213/127
f 216/221/128 210/215/128 211/216/128
f 210/215/129 214/219/129 209/214/129
f 214/219/130 207/212/130 209/214/130
f 208/213/131 206/211/131 203/208/131
f 211/216/132 205/210/132 206/211/132
f 205/210/133 209/214/133 204/209/133
f 209/214/134 202/207/134 204/209/134
f 198/203/135 206/211/135 201/206/135
f 206/211/136 200/205/136 201/206/136
f 200/205/137 204/209/137 199/204/137
f 204/209/138 197/202/138 199/204/138
f 198/203/139 196/201/139 193/198/139
f 201/206/140 195/200/140 196/201/140
f 200/205/141 194/199/141 195/200/141
f 199/204/142 192/197/142 194/199/142
f 188/193/143 196/201/143 191/196/143
f 196/201/144 190/195/144 191/196/144
f 195/200/145 189/194/145 190/195/145
f 189/194/146 192/197/146 187/192/146
f 183/188/147 191/196/147 186/191/147
f 186/191/148 190/195/148 185/190/148
f 190/195/149 184/189/149 185/190/149
f 189/194/150 182/187/150 184/189/150
f 183/188/151 181/186/151 178/183/151
f 186/191/152 180/185/152 181/186/152
f 185/190/153 179/184/153 180/185/153
f 184/189/154 177/182/154 179/184/154
f 178/183/155 176/181/155 173/178/155
f 181/186/156 175/180/156 176/181/156
f 180/185/157 174/179/157 175/180/157
f 179/184/158 172/177/158 174/179/158
f 173/178/159 171/176/159 168/173/159
f 176/181/160 170/175/160 171/176/160
f 170/175/161 174/179/161 169/174/161
f 174/179/162 167/172/162 169/174/162
f 168/173/163 166/171/163 163/168/163
f 171/176/164 165/170/164 166/171/164
f 165/170/165 169/174/165 164/169/165
f 169/174/166 162/167/166 164/169/166
f 158/163/167 166/171/167 161/166/167
f 166/171/168 160/165/168 161/166/168
f 160/165/169 164/169/169 159/164/169
f 164/169/170 157/162/170 159/164/170
f 158/163/171 156/161/171 153/158/171
f 161/166/172 155/160/172 156/161/172
f 160/165/173 154/159/173 155/160/173
f 159/164/174 152/157/174 154/159/174
f 148/153/175 156/161/175 151/156/175
f 156/161/176 150/155/176 151/156/176
f 155/160/177 149/154/177 150/155/177
f 149/154/178 152/157/178 147/152/178
f 143/148/179 151/156/179 146/151/179
f 146/151/180 150/155/180 145/150/180
f 150/155/181 144/149/181 145/150/181
f 149/154/182 142/147/182 144/149/182
f 143/148/183 141/146/183 138/143/183
f 146/151/184 140/145/184 141/146/184
f 145/150/185 139/144/185 140/145/185
f 144/149/186 137/142/186 139/144/186
f 138/143/187 136/141/187 133/138/187
f 141/146/188 135/140/188 136/141/188
f 140/145/189 134/139/189 135/140/189
f 139/144/190 132/137/190 134/139/190
f 133/138/191 131/136/191 128/133/191
f 136/141/192 130/135/192 131/136/192
f 130/135/193 134/139/193 129/134/193
f 134/139/194 127/132/194 129/134/194
f 128/133/195 126/131/195 123/128/195
f 131/136/196 125/130/196 126/131/196
f 125/130/197 129/134/197 124/129/197
f 129/134/198 122/127/198 124/129/198
f 118/123/199 126/131/199 121/126/199
f 126/131/200 120/125/200 121/126/200
f 120/125/201 124/129/201 119/124/201
f 124/129/202 117/122/202 119/124/202
f 118/123/203 116/121/203 113/118/203
f 121/126/204 115/120/204 116/121/204
f 120/125/205 114/119/205 115/120/205
f 119/124/206 112/117/206 114/119/206
f 108/113/207 116/121/207 111/116/207
f 116/121/208 110/115/208 111/116/208
f 115/120/209 109/114/209 110/115/209
f 109/114/210 112/117/210 107/112/210
f 103/108/211 111/116/211 106/111/211
f 106/111/212 110/115/212 105/110/212
f 110/115/213 104/109/213 105/110/213
f 109/114/214 102/107/214 104/109/214
f 103/108/215 99/102/215 97/97/215
f 106/111/216 100/104/216 99/102/216
f 105/110/217 101/106/217 100/104/217
f 104/109/218 98/99/218 101/106/218
f 32/32/28 697/712/28 876/923/28
f 258/263/219 265/270/219 262/267/219
f 262/267/220 266/271/220 261/266/220
f 266/271/221 260/265/221 261/266/221
f 267/272/222 259/264/222 260/265/222
f 268/273/223 257/262/223 259/264/223
f 258/263/224 274/279/224 270/275/224
f 262/267/225 273/278/225 274/279/225
f 261/266/226 272/277/226 273/278/226
f 260/265/227 271/276/227 272/277/227
f 259/264/228 269/274/228 271/276/228
f 276/281/229 274/279/229 280/285/229
f 274/279/230 279/284/230 280/285/230
f 273/278/231 278/283/231 279/284/231
f 272/277/232 277/282/232 278/283/232
f 271/276/233 275/280/233 277/282/233
f 276/281/234 286/291/234 282/287/234
f 280/285/235 285/290/235 286/291/235
f 279/284/236 284/289/236 285/290/236
f 278/283/237 283/288/237 284/289/237
f 277/282/238 281/286/238 283/288/238
f 282/287/239 292/297/239 288/293/239
f 286/291/240 291/296/240 292/297/240
f 285/290/241 290/295/241 291/296/241
f 284/289/242 289/294/242 290/295/242
f 283/288/243 287/292/243 289/294/243
f 294/299/244 292/297/244 298/303/244
f 298/303/245 291/296/245 297/302/245
f 291/296/246 296/301/246 297/302/246
f 290/295/247 295/300/247 296/301/247
f 289/294/248 293/298/248 295/300/248
f 294/299/249 304/309/249 300/305/249
f 298/303/250 303/308/250 304/309/250
f 297/302/251 302/307/251 303/308/251
f 302/307/252 295/300/252 301/306/252
f 295/300/253 299/304/253 301/306/253
f 306/311/254 304/309/254 310/315/254
f 304/309/255 309/314/255 310/315/255
f 303/308/256 308/313/256 309/314/256
f 302/307/257 307/312/257 308/313/257
f 301/306/258 305/310/258 307/312/258
f 306/311/259 316/321/259 312/317/259
f 316/321/260 309/314/260 315/320/260
f 309/314/261 314/319/261 315/320/261
f 314/319/262 307/312/262 313/318/262
f 307/312/263 311/316/263 313/318/263
f 312/317/264 322/327/264 318/323/264
f 316/321/265 321/326/265 322/327/265
f 315/320/266 320/325/266 321/326/266
f 320/325/267 313/318/267 319/324/267
f 313/318/268 317/322/268 319/324/268
f 324/329/269 322/327/269 328/333/269
f 328/333/270 321/326/270 327/332/270
f 321/326/271 326/331/271 327/332/271
f 320/325/272 325/330/272 326/331/272
f 325/330/273 317/322/273 323/328/273
f 330/335/274 328/333/274 334/339/274
f 334/339/275 327/332/275 333/338/275
f 333/338/276 326/331/276 332/337/276
f 326/331/277 331/336/277 332/337/277
f 325/330/278 329/334/278 331/336/278
f 330/335/279 340/345/279 336/341/279
f 334/339/280 339/344/280 340/345/280
f 333/338/281 338/343/281 339/344/281
f 332/337/282 337/342/282 338/343/282
f 331/336/283 335/340/283 337/342/283
f 342/347/284 340/345/284 346/351/284
f 346/351/285 339/344/285 345/350/285
f 345/350/286 338/343/286 344/349/286
f 344/349/287 337/342/287 343/348/287
f 343/348/288 335/340/288 341/346/288
f 342/347/289 352/357/289 348/353/289
f 346/351/290 351/356/290 352/357/290
f 345/350/291 350/355/291 351/356/291
f 344/349/292 349/354/292 350/355/292
f 349/354/293 341/346/293 347/352/293
f 348/353/294 358/363/294 354/359/294
f 358/363/295 351/356/295 357/362/295
f 357/362/296 350/355/296 356/361/296
f 356/361/297 349/354/297 355/360/297
f 355/360/298 347/352/298 353/358/298
f 360/365/299 358/363/299 364/369/299
f 364/369/300 357/362/300 363/368/300
f 363/368/301 356/361/301 362/367/301
f 362/367/302 355/360/302 361/366/302
f 355/360/303 359/364/303 361/366/303
f 360/365/304 370/375/304 366/371/304
f 364/369/305 369/374/305 370/375/305
f 363/368/306 368/373/306 369/374/306
f 362/367/307 367/372/307 368/373/307
f 367/372/308 359/364/308 365/370/308
f 372/377/309 370/375/309 376/381/309
f 376/381/310 369/374/310 375/380/310
f 375/380/311 368/373/311 374/379/311
f 374/379/312 367/372/312 373/378/312
f 373/378/313 365/370/313 371/376/313
f 372/377/314 382/387/314 378/383/314
f 376/381/315 381/386/315 382/387/315
f 381/386/316 374/379/316 380/385/316
f 380/385/317 373/378/317 379/384/317
f 373/378/318 377/382/318 379/384/318
f 384/389/319 382/387/319 388/393/319
f 382/387/320 387/392/320 388/393/320
f 381/386/321 386/391/321 387/392/321
f 380/385/322 385/390/322 386/391/322
f 385/390/323 377/382/323 383/388/323
f 390/395/324 388/393/324 394/399/324
f 388/393/325 393/398/325 394/399/325
f 387/392/326 392/397/326 393/398/326
f 386/391/327 391/396/327 392/397/327
f 385/390/328 389/394/328 391/396/328
f 390/395/329 400/405/329 396/401/329
f 394/399/330 399/404/330 400/405/330
f 393/398/331 398/403/331 399/404/331
f 398/403/332 391/396/332 397/402/332
f 391/396/333 395/400/333 397/402/333
f 402/407/334 400/405/334 406/411/334
f 406/411/335 399/404/335 405/410/335
f 405/410/336 398/403/336 404/409/336
f 404/409/337 397/402/337 403/408/337
f 403/408/338 395/400/338 401/406/338
f 408/413/339 406/411/339 412/417/339
f 406/411/340 411/416/340 412/417/340
f 405/410/341 410/415/341 411/416/341
f 404/409/342 409/414/342 410/415/342
f 403/408/343 407/412/343 409/414/343
f 408/413/344 418/423/344 414/419/344
f 418/423/345 411/416/345 417/422/345
f 411/416/346 416/421/346 417/422/346
f 410/415/347 415/420/347 416/421/347
f 409/414/348 413/418/348 415/420/348
f 414/419/349 424/429/349 420/425/349
f 424/429/350 417/422/350 423/428/350
f 417/422/351 422/427/351 423/428/351
f 416/421/352 421/426/352 422/427/352
f 415/420/353 419/424/353 421/426/353
f 426/431/354 424/429/354 430/435/354
f 424/429/355 429/434/355 430/435/355
f 423/428/356 428/433/356 429/434/356
f 422/427/357 427/432/357 428/433/357
f 421/426/358 425/430/358 427/432/358
f 426/431/359 436/441/359 432/437/359
f 430/435/360 435/440/360 436/441/360
f 429/434/361 434/439/361 435/440/361
f 428/433/362 433/438/362 434/439/362
f 427/432/363 431/436/363 433/438/363
f 432/437/364 442/447/364 438/443/364
f 442/447/365 435/440/365 441/446/365
f 435/440/366 440/445/366 441/446/366
f 434/439/367 439/444/367 440/445/367
f 433/438/368 437/442/368 439/444/368
f 438/443/369 448/453/369 444/449/369
f 442/447/370 447/452/370 448/453/370
f 441/446/371 446/451/371 447/452/371
f 440/445/372 445/450/372 446/451/372
f 439/444/373 443/448/373 445/450/373
f 444/449/374 265/270/374 263/268/374
f 448/453/375 266/271/375 265/270/375
f 447/452/376 267/272/376 266/271/376
f 446/451/377 268/273/377 267/272/377
f 445/450/378 264/269/378 268/273/378
f 897/945/1 65/65/1 882/930/1
f 132/137/69 546/555/69 540/549/69
f 142/147/70 558/567/70 552/561/70
f 147/152/71 564/573/71 558/567/71
f 152/157/72 570/579/72 564/573/72
f 157/162/73 576/585/73 570/579/73
f 162/167/74 582/591/74 576/585/74
f 167/172/75 588/597/75 582/591/75
f 172/177/63 594/603/63 588/597/63
f 127/132/68 540/549/68 534/543/68
f 449/454/379 457/462/379 450/455/379
f 456/461/380 464/469/380 457/462/380
f 463/468/381 471/476/381 464/469/381
f 477/482/382 471/476/382 470/475/382
f 484/489/383 478/483/383 477/482/383
f 491/496/384 485/490/384 484/489/384
f 182/187/76 606/615/76 600/609/76
f 122/127/67 534/543/67 528/537/67
f 450/455/385 458/463/385 451/456/385
f 457/462/386 465/470/386 458/463/386
f 464/469/387 472/477/387 465/470/387
f 478/483/388 472/477/388 471/476/388
f 485/490/389 479/484/389 478/483/389
f 492/497/390 486/491/390 485/490/390
f 187/192/77 612/621/77 606/615/77
f 117/122/66 528/537/66 522/531/66
f 451/456/391 459/464/391 452/457/391
f 458/463/392 466/471/392 459/464/392
f 465/470/393 473/478/393 466/471/393
f 479/484/394 473/478/394 472/477/394
f 486/491/395 480/485/395 479/484/395
f 493/498/396 487/492/396 486/491/396
f 192/197/78 618/627/78 612/621/78
f 112/117/65 522/531/65 516/525/65
f 459/464/397 453/458/397 452/457/397
f 466/471/398 460/465/398 459/464/398
f 473/478/399 467/472/399 466/471/399
f 473/478/400 481/486/400 474/479/400
f 480/485/401 488/493/401 481/486/401
f 487/492/402 495/500/402 488/493/402
f 197/202/79 624/633/79 618/627/79
f 107/112/89 516/525/89 510/519/89
f 460/465/403 454/459/403 453/458/403
f 467/472/404 461/466/404 460/465/404
f 474/479/405 468/473/405 467/472/405
f 474/479/406 482/487/406 475/480/406
f 481/486/407 489/494/407 482/487/407
f 488/493/408 496/501/408 489/494/408
f 202/207/80 630/639/80 624/633/80
f 102/107/64 510/519/64 504/513/64
f 461/466/409 455/460/409 454/459/409
f 468/473/410 462/467/410 461/466/410
f 475/480/411 469/474/411 468/473/411
f 475/480/412 483/488/412 476/481/412
f 482/487/413 490/495/413 483/488/413
f 489/494/414 497/502/414 490/495/414
f 207/212/81 636/645/81 630/639/81
f 252/257/90 499/505/90 684/693/90
f 247/252/88 684/693/88 678/687/88
f 242/247/87 678/687/87 672/681/87
f 237/242/86 672/681/86 666/675/86
f 232/237/85 666/675/85 660/669/85
f 227/232/84 660/669/84 654/663/84
f 222/227/83 654/663/83 648/657/83
f 212/217/82 642/651/82 636/645/82
f 499/504/415 506/515/415 503/511/415
f 503/511/416 507/516/416 502/508/416
f 502/508/417 508/517/417 501/507/417
f 501/507/418 509/518/418 500/506/418
f 500/506/419 505/514/419 498/503/419
f 504/513/420 512/521/420 506/515/420
f 506/515/421 513/522/421 507/516/421
f 507/516/422 514/523/422 508/517/422
f 508/517/423 515/524/423 509/518/423
f 509/518/424 511/520/424 505/514/424
f 510/519/425 518/527/425 512/521/425
f 512/521/426 519/528/426 513/522/426
f 513/522/427 520/529/427 514/523/427
f 514/523/428 521/530/428 515/524/428
f 515/524/429 517/526/429 511/520/429
f 516/525/430 524/533/430 518/527/430
f 518/527/431 525/534/431 519/528/431
f 519/528/432 526/535/432 520/529/432
f 520/529/433 527/536/433 521/530/433
f 521/530/434 523/532/434 517/526/434
f 528/537/435 524/533/435 522/531/435
f 530/539/436 525/534/436 524/533/436
f 531/540/437 526/535/437 525/534/437
f 532/541/438 527/536/438 526/535/438
f 533/542/439 523/532/439 527/536/439
f 534/543/440 530/539/440 528/537/440
f 536/545/441 531/540/441 530/539/441
f 537/546/442 532/541/442 531/540/442
f 538/547/443 533/542/443 532/541/443
f 539/548/444 529/538/444 533/542/444
f 540/549/445 536/545/445 534/543/445
f 542/551/446 537/546/446 536/545/446
f 543/552/447 538/547/447 537/546/447
f 544/553/448 539/548/448 538/547/448
f 545/554/449 535/544/449 539/548/449
f 546/555/450 542/551/450 540/549/450
f 548/557/451 543/552/451 542/551/451
f 549/558/452 544/553/452 543/552/452
f 550/559/453 545/554/453 544/553/453
f 551/560/454 541/550/454 545/554/454
f 546/555/455 554/563/455 548/557/455
f 548/557/456 555/564/456 549/558/456
f 549/558/457 556/565/457 550/559/457
f 550/559/458 557/566/458 551/560/458
f 551/560/459 553/562/459 547/556/459
f 552/561/460 560/569/460 554/563/460
f 554/563/461 561/570/461 555/564/461
f 555/564/462 562/571/462 556/565/462
f 556/565/463 563/572/463 557/566/463
f 557/566/464 559/568/464 553/562/464
f 558/567/465 566/575/465 560/569/465
f 560/569/466 567/576/466 561/570/466
f 561/570/467 568/577/467 562/571/467
f 562/571/468 569/578/468 563/572/468
f 563/572/469 565/574/469 559/568/469
f 564/573/470 572/581/470 566/575/470
f 566/575/471 573/582/471 567/576/471
f 567/576/472 574/583/472 568/577/472
f 568/577/473 575/584/473 569/578/473
f 569/578/474 571/580/474 565/574/474
f 576/585/475 572/581/475 570/579/475
f 578/587/476 573/582/476 572/581/476
f 579/588/477 574/583/477 573/582/477
f 580/589/478 575/584/478 574/583/478
f 581/590/479 571/580/479 575/584/479
f 582/591/480 578/587/480 576/585/480
f 584/593/481 579/588/481 578/587/481
f 585/594/482 580/589/482 579/588/482
f 586/595/483 581/590/483 580/589/483
f 587/596/484 577/586/484 581/590/484
f 588/597/485 584/593/485 582/591/485
f 590/599/486 585/594/486 584/593/486
f 591/600/487 586/595/487 585/594/487
f 592/601/488 587/596/488 586/595/488
f 593/602/489 583/592/489 587/596/489
f 594/603/490 590/599/490 588/597/490
f 596/605/491 591/600/491 590/599/491
f 597/606/492 592/601/492 591/600/492
f 598/607/493 593/602/493 592/601/493
f 599/608/494 589/598/494 593/602/494
f 594/603/495 602/611/495 596/605/495
f 596/605/496 603/612/496 597/606/496
f 597/606/497 604/613/497 598/607/497
f 598/607/498 605/614/498 599/608/498
f 599/608/499 601/610/499 595/604/499
f 600/609/500 608/617/500 602/611/500
f 602/611/501 609/618/501 603/612/501
f 603/612/502 610/619/502 604/613/502
f 604/613/503 611/620/503 605/614/503
f 605/614/504 607/616/504 601/610/504
f 606/615/505 614/623/505 608/617/505
f 608/617/506 615/624/506 609/618/506
f 609/618/507 616/625/507 610/619/507
f 610/619/508 617/626/508 611/620/508
f 611/620/509 613/622/509 607/616/509
f 612/621/510 620/629/510 614/623/510
f 614/623/511 621/630/511 615/624/511
f 615/624/512 622/631/512 616/625/512
f 616/625/513 623/632/513 617/626/513
f 617/626/514 619/628/514 613/622/514
f 624/633/515 620/629/515 618/627/515
f 626/635/516 621/630/516 620/629/516
f 627/636/517 622/631/517 621/630/517
f 628/637/518 623/632/518 622/631/518
f 629/638/519 619/628/519 623/632/519
f 630/639/520 626/635/520 624/633/520
f 632/641/521 627/636/521 626/635/521
f 633/642/522 628/637/522 627/636/522
f 634/643/523 629/638/523 628/637/523
f 635/644/524 625/634/524 629/638/524
f 636/645/525 632/641/525 630/639/525
f 638/647/526 633/642/526 632/641/526
f 639/648/527 634/643/527 633/642/527
f 640/649/528 635/644/528 634/643/528
f 641/650/529 631/640/529 635/644/529
f 642/651/530 638/647/530 636/645/530
f 644/653/531 639/648/531 638/647/531
f 645/654/532 640/649/532 639/648/532
f 646/655/533 641/650/533 640/649/533
f 647/656/534 637/646/534 641/650/534
f 642/651/535 650/659/535 644/653/535
f 644/653/536 651/660/536 645/654/536
f 645/654/537 652/661/537 646/655/537
f 646/655/538 653/662/538 647/656/538
f 647/656/539 649/658/539 643/652/539
f 648/657/540 656/665/540 650/659/540
f 650/659/541 657/666/541 651/660/541
f 651/660/542 658/667/542 652/661/542
f 652/661/543 659/668/543 653/662/543
f 653/662/544 655/664/544 649/658/544
f 654/663/545 662/671/545 656/665/545
f 656/665/546 663/672/546 657/666/546
f 657/666/547 664/673/547 658/667/547
f 658/667/548 665/674/548 659/668/548
f 659/668/549 661/670/549 655/664/549
f 660/669/550 668/677/550 662/671/550
f 662/671/551 669/678/551 663/672/551
f 663/672/552 670/679/552 664/673/552
f 664/673/553 671/680/553 665/674/553
f 665/674/554 667/676/554 661/670/554
f 672/681/555 668/677/555 666/675/555
f 674/683/556 669/678/556 668/677/556
f 675/684/557 670/679/557 669/678/557
f 676/685/558 671/680/558 670/679/558
f 677/686/559 667/676/559 671/680/559
f 678/687/560 674/683/560 672/681/560
f 680/689/561 675/684/561 674/683/561
f 681/690/562 676/685/562 675/684/562
f 682/691/563 677/686/563 676/685/563
f 683/692/564 673/682/564 677/686/564
f 684/693/565 680/689/565 678/687/565
f 686/695/566 681/690/566 680/689/566
f 687/697/567 682/691/567 681/690/567
f 688/699/568 683/692/568 682/691/568
f 689/701/569 679/688/569 683/692/569
f 499/505/570 686/695/570 684/693/570
f 503/512/571 687/698/571 686/695/571
f 502/510/572 688/700/572 687/696/572
f 501/507/573 689/702/573 688/700/573
f 500/506/574 685/694/574 689/702/574
f 455/460/6 498/503/6 505/514/6
f 696/711/575 695/709/575 691/704/575
f 695/709/576 699/716/576 694/707/576
f 699/717/577 693/706/577 694/708/577
f 700/718/578 692/705/578 693/706/578
f 701/719/579 690/703/579 692/705/579
f 703/721/580 695/709/580 707/726/580
f 695/709/581 706/724/581 707/726/581
f 706/725/582 693/706/582 705/723/582
f 693/706/583 704/722/583 705/723/583
f 692/705/584 702/720/584 704/722/584
f 703/721/585 713/733/585 709/728/585
f 713/733/586 706/724/586 712/731/586
f 712/732/587 705/723/587 711/730/587
f 705/723/588 710/729/588 711/730/588
f 710/729/589 702/720/589 708/727/589
f 709/728/590 719/740/590 715/735/590
f 713/733/591 718/738/591 719/740/591
f 712/732/592 717/737/592 718/739/592
f 717/737/593 710/729/593 716/736/593
f 710/729/594 714/734/594 716/736/594
f 715/735/595 725/747/595 721/742/595
f 719/740/596 724/745/596 725/747/596
f 718/739/597 723/744/597 724/746/597
f 717/737/598 722/743/598 723/744/598
f 716/736/599 720/741/599 722/743/599
f 727/749/600 725/747/600 731/754/600
f 731/754/601 724/745/601 730/752/601
f 724/746/602 729/751/602 730/753/602
f 723/744/603 728/750/603 729/751/603
f 722/743/604 726/748/604 728/750/604
f 727/749/605 737/761/605 733/756/605
f 731/754/606 736/759/606 737/761/606
f 730/753/607 735/758/607 736/760/607
f 735/758/608 728/750/608 734/757/608
f 734/757/609 726/748/609 732/755/609
f 733/756/610 743/768/610 739/763/610
f 737/761/611 742/766/611 743/768/611
f 736/760/612 741/765/612 742/767/612
f 735/758/613 740/764/613 741/765/613
f 734/757/614 738/762/614 740/764/614
f 739/763/615 749/775/615 745/770/615
f 743/768/616 748/773/616 749/775/616
f 742/767/617 747/772/617 748/774/617
f 741/765/618 746/771/618 747/772/618
f 746/771/619 738/762/619 744/769/619
f 751/777/620 749/775/620 755/782/620
f 749/775/621 754/780/621 755/782/621
f 754/781/622 747/772/622 753/779/622
f 747/772/623 752/778/623 753/779/623
f 746/771/624 750/776/624 752/778/624
f 751/777/625 761/789/625 757/784/625
f 761/789/626 754/780/626 760/787/626
f 760/788/627 753/779/627 759/786/627
f 753/779/628 758/785/628 759/786/628
f 758/785/629 750/776/629 756/783/629
f 757/784/630 767/796/630 763/791/630
f 761/789/631 766/794/631 767/796/631
f 760/788/632 765/793/632 766/795/632
f 765/793/633 758/785/633 764/792/633
f 758/785/634 762/790/634 764/792/634
f 763/791/635 773/803/635 769/798/635
f 767/796/636 772/801/636 773/803/636
f 766/795/637 771/800/637 772/802/637
f 765/793/638 770/799/638 771/800/638
f 764/792/639 768/797/639 770/799/639
f 775/805/640 773/803/640 779/810/640
f 779/810/641 772/801/641 778/808/641
f 772/802/642 777/807/642 778/809/642
f 771/800/643 776/806/643 777/807/643
f 770/799/644 774/804/644 776/806/644
f 775/805/645 785/817/645 781/812/645
f 779/810/646 784/815/646 785/817/646
f 778/809/647 783/814/647 784/816/647
f 783/814/648 776/806/648 782/813/648
f 782/813/649 774/804/649 780/811/649
f 781/812/650 791/824/650 787/819/650
f 785/817/651 790/822/651 791/824/651
f 784/816/652 789/821/652 790/823/652
f 783/814/653 788/820/653 789/821/653
f 782/813/654 786/818/654 788/820/654
f 787/819/655 797/831/655 793/826/655
f 797/831/656 790/822/656 796/829/656
f 790/823/657 795/828/657 796/830/657
f 789/821/658 794/827/658 795/828/658
f 794/827/659 786/818/659 792/825/659
f 799/833/660 797/831/660 803/838/660
f 797/831/661 802/836/661 803/838/661
f 802/837/662 795/828/662 801/835/662
f 795/828/663 800/834/663 801/835/663
f 794/827/664 798/832/664 800/834/664
f 799/833/665 809/845/665 805/840/665
f 809/845/666 802/836/666 808/843/666
f 808/844/667 801/835/667 807/842/667
f 801/835/668 806/841/668 807/842/668
f 806/841/669 798/832/669 804/839/669
f 805/840/670 815/852/670 811/847/670
f 809/845/671 814/850/671 815/852/671
f 808/844/672 813/849/672 814/851/672
f 813/849/673 806/841/673 812/848/673
f 806/841/674 810/846/674 812/848/674
f 811/847/675 821/859/675 817/854/675
f 815/852/676 820/857/676 821/859/676
f 814/851/677 819/856/677 820/858/677
f 813/849/678 818/855/678 819/856/678
f 812/848/679 816/853/679 818/855/679
f 823/861/680 821/859/680 827/866/680
f 827/866/681 820/857/681 826/864/681
f 820/858/682 825/863/682 826/865/682
f 819/856/683 824/862/683 825/863/683
f 818/855/684 822/860/684 824/862/684
f 823/861/685 833/873/685 829/868/685
f 827/866/686 832/871/686 833/873/686
f 826/865/687 831/870/687 832/872/687
f 831/870/688 824/862/688 830/869/688
f 830/869/689 822/860/689 828/867/689
f 829/868/690 839/880/690 835/875/690
f 839/880/691 832/871/691 838/878/691
f 838/879/692 831/870/692 837/877/692
f 837/877/693 830/869/693 836/876/693
f 836/876/694 828/867/694 834/874/694
f 835/875/695 845/887/695 841/882/695
f 839/880/696 844/885/696 845/887/696
f 838/879/697 843/884/697 844/886/697
f 837/877/698 842/883/698 843/884/698
f 836/876/699 840/881/699 842/883/699
f 847/889/700 845/887/700 851/894/700
f 845/887/701 850/892/701 851/894/701
f 850/893/702 843/884/702 849/891/702
f 843/884/703 848/890/703 849/891/703
f 842/883/704 846/888/704 848/890/704
f 847/889/705 857/901/705 853/896/705
f 857/901/706 850/892/706 856/899/706
f 856/900/707 849/891/707 855/898/707
f 849/891/708 854/897/708 855/898/708
f 854/897/709 846/888/709 852/895/709
f 853/896/710 863/908/710 859/903/710
f 857/901/711 862/906/711 863/908/711
f 856/900/712 861/905/712 862/907/712
f 861/905/713 854/897/713 860/904/713
f 854/897/714 858/902/714 860/904/714
f 859/903/715 869/915/715 865/910/715
f 863/908/716 868/913/716 869/915/716
f 862/907/717 867/912/717 868/914/717
f 861/905/718 866/911/718 867/912/718
f 860/904/719 864/909/719 866/911/719
f 871/917/720 869/915/720 875/922/720
f 875/922/721 868/913/721 874/920/721
f 868/914/722 873/919/722 874/921/722
f 867/912/723 872/918/723 873/919/723
f 866/911/724 870/916/724 872/918/724
f 871/917/725 881/929/725 877/924/725
f 875/922/726 880/927/726 881/929/726
f 874/921/727 879/926/727 880/928/727
f 879/926/728 872/918/728 878/925/728
f 878/925/729 870/916/729 876/923/729
f 877/924/730 698/714/730 696/710/730
f 698/714/731 880/927/731 699/715/731
f 699/717/732 879/926/732 700/718/732
f 700/718/733 878/925/733 701/719/733
f 701/719/734 876/923/734 697/712/734
f 2/2/28 697/712/28 1/1/28
f 264/269/1 889/937/1 257/262/1
f 890/938/1 888/936/1 889/937/1
f 891/939/1 887/935/1 888/936/1
f 892/940/1 886/934/1 887/935/1
f 893/941/1 885/933/1 886/934/1
f 894/942/1 884/932/1 885/933/1
f 895/943/1 883/931/1 884/932/1
f 896/944/1 882/930/1 883/931/1
f 443/448/90 890/938/90 264/269/90
f 906/954/90 891/939/90 890/938/90
f 907/955/90 892/940/90 891/939/90
f 908/956/90 893/941/90 892/940/90
f 909/957/90 894/942/90 893/941/90
f 910/958/90 895/943/90 894/942/90
f 911/959/90 896/944/90 895/943/90
f 912/960/90 897/945/90 896/944/90
f 269/274/89 921/969/89 275/280/89
f 905/953/89 920/968/89 921/969/89
f 904/952/89 919/967/89 920/968/89
f 903/951/89 918/966/89 919/967/89
f 902/950/89 917/965/89 918/966/89
f 901/949/89 916/964/89 917/965/89
f 900/948/89 915/963/89 916/964/89
f 899/947/89 914/962/89 915/963/89
f 437/442/88 906/954/88 443/448/88
f 906/954/88 1136/1184/88 907/955/88
f 907/955/88 1135/1183/88 908/956/88
f 908/956/88 1134/1182/88 909/957/88
f 909/957/88 1133/1181/88 910/958/88
f 910/958/88 1132/1180/88 911/959/88
f 911/959/88 1131/1179/88 912/960/88
f 912/960/88 1130/1178/88 913/961/88
f 431/436/87 1137/1185/87 437/442/87
f 1129/1177/87 1136/1184/87 1137/1185/87
f 1128/1176/87 1135/1183/87 1136/1184/87
f 1127/1175/87 1134/1182/87 1135/1183/87
f 1126/1174/87 1133/1181/87 1134/1182/87
f 1125/1173/87 1132/1180/87 1133/1181/87
f 1124/1172/87 1131/1179/87 1132/1180/87
f 1123/1171/87 1130/1178/87 1131/1179/87
f 425/430/86 1129/1177/86 431/436/86
f 1121/1169/86 1128/1176/86 1129/1177/86
f 1120/1168/86 1127/1175/86 1128/1176/86
f 1119/1167/86 1126/1174/86 1127/1175/86
f 1118/1166/86 1125/1173/86 1126/1174/86
f 1117/1165/86 1124/1172/86 1125/1173/86
f 1116/1164/86 1123/1171/86 1124/1172/86
f 1115/1163/86 1122/1170/86 1123/1171/86
f 419/424/85 1121/1169/85 425/430/85
f 1113/1161/85 1120/1168/85 1121/1169/85
f 1112/1160/85 1119/1167/85 1120/1168/85
f 1111/1159/85 1118/1166/85 1119/1167/85
f 1110/1158/85 1117/1165/85 1118/1166/85
f 1109/1157/85 1116/1164/85 1117/1165/85
f 1108/1156/85 1115/1163/85 1116/1164/85
f 1107/1155/85 1114/1162/85 1115/1163/85
f 413/418/84 1113/1161/84 419/424/84
f 1105/1153/84 1112/1160/84 1113/1161/84
f 1104/1152/84 1111/1159/84 1112/1160/84
f 1103/1151/84 1110/1158/84 1111/1159/84
f 1102/1150/84 1109/1157/84 1110/1158/84
f 1101/1149/84 1108/1156/84 1109/1157/84
f 1100/1148/84 1107/1155/84 1108/1156/84
f 1099/1147/84 1106/1154/84 1107/1155/84
f 407/412/83 1105/1153/83 413/418/83
f 1097/1145/83 1104/1152/83 1105/1153/83
f 1096/1144/83 1103/1151/83 1104/1152/83
f 1095/1143/83 1102/1150/83 1103/1151/83
f 1094/1142/83 1101/1149/83 1102/1150/83
f 1093/1141/83 1100/1148/83 1101/1149/83
f 1092/1140/83 1099/1147/83 1100/1148/83
f 1091/1139/83 1098/1146/83 1099/1147/83
f 401/406/21 1097/1145/21 407/412/21
f 1089/1137/21 1096/1144/21 1097/1145/21
f 1088/1136/21 1095/1143/21 1096/1144/21
f 1095/1143/21 1086/1134/21 1094/1142/21
f 1086/1134/21 1093/1141/21 1094/1142/21
f 1093/1141/21 1084/1132/21 1092/1140/21
f 1092/1140/21 1083/1131/21 1091/1139/21
f 1091/1139/21 1082/1130/21 1090/1138/21
f 395/400/82 1089/1137/82 401/406/82
f 1081/1129/82 1088/1136/82 1089/1137/82
f 1080/1128/82 1087/1135/82 1088/1136/82
f 1079/1127/82 1086/1134/82 1087/1135/82
f 1078/1126/82 1085/1133/82 1086/1134/82
f 1077/1125/82 1084/1132/82 1085/1133/82
f 1076/1124/82 1083/1131/82 1084/1132/82
f 1075/1123/82 1082/1130/82 1083/1131/82
f 395/400/81 1073/1121/81 1081/1129/81
f 1081/1129/81 1072/1120/81 1080/1128/81
f 1072/1120/81 1079/1127/81 1080/1128/81
f 1071/1119/81 1078/1126/81 1079/1127/81
f 1078/1126/81 1069/1117/81 1077/1125/81
f 1077/1125/81 1068/1116/81 1076/1124/81
f 1076/1124/81 1067/1115/81 1075/1123/81
f 1067/1115/81 1074/1122/81 1075/1123/81
f 389/394/80 1065/1113/80 1073/1121/80
f 1073/1121/80 1064/1112/80 1072/1120/80
f 1072/1120/80 1063/1111/80 1071/1119/80
f 1071/1119/80 1062/1110/80 1070/1118/80
f 1070/1118/80 1061/1109/80 1069/1117/80
f 1069/1117/80 1060/1108/80 1068/1116/80
f 1068/1116/80 1059/1107/80 1067/1115/80
f 1067/1115/80 1058/1106/80 1066/1114/80
f 383/388/79 1057/1105/79 1065/1113/79
f 1065/1113/79 1056/1104/79 1064/1112/79
f 1064/1112/79 1055/1103/79 1063/1111/79
f 1063/1111/79 1054/1102/79 1062/1110/79
f 1062/1110/79 1053/1101/79 1061/1109/79
f 1061/1109/79 1052/1100/79 1060/1108/79
f 1052/1100/79 1059/1107/79 1060/1108/79
f 1059/1107/79 1050/1098/79 1058/1106/79
f 377/382/78 1049/1097/78 1057/1105/78
f 1057/1105/78 1048/1096/78 1056/1104/78
f 1056/1104/78 1047/1095/78 1055/1103/78
f 1055/1103/78 1046/1094/78 1054/1102/78
f 1054/1102/78 1045/1093/78 1053/1101/78
f 1053/1101/78 1044/1092/78 1052/1100/78
f 1052/1100/78 1043/1091/78 1051/1099/78
f 1051/1099/78 1042/1090/78 1050/1098/78
f 371/376/77 1041/1089/77 1049/1097/77
f 1049/1097/77 1040/1088/77 1048/1096/77
f 1048/1096/77 1039/1087/77 1047/1095/77
f 1047/1095/77 1038/1086/77 1046/1094/77
f 1046/1094/77 1037/1085/77 1045/1093/77
f 1045/1093/77 1036/1084/77 1044/1092/77
f 1044/1092/77 1035/1083/77 1043/1091/77
f 1043/1091/77 1034/1082/77 1042/1090/77
f 365/370/76 1033/1081/76 1041/1089/76
f 1041/1089/76 1032/1080/76 1040/1088/76
f 1040/1088/76 1031/1079/76 1039/1087/76
f 1039/1087/76 1030/1078/76 1038/1086/76
f 1038/1086/76 1029/1077/76 1037/1085/76
f 1037/1085/76 1028/1076/76 1036/1084/76
f 1036/1084/76 1027/1075/76 1035/1083/76
f 1035/1083/76 1026/1074/76 1034/1082/76
f 359/364/14 1025/1073/14 1033/1081/14
f 1033/1081/14 1024/1072/14 1032/1080/14
f 1032/1080/14 1023/1071/14 1031/1079/14
f 1031/1079/14 1022/1070/14 1030/1078/14
f 1030/1078/14 1021/1069/14 1029/1077/14
f 1029/1077/14 1020/1068/14 1028/1076/14
f 1028/1076/14 1019/1067/14 1027/1075/14
f 1027/1075/14 1018/1066/14 1026/1074/14
f 347/352/75 1009/1057/75 1017/1065/75
f 1017/1065/75 1008/1056/75 1016/1064/75
f 1016/1064/75 1007/1055/75 1015/1063/75
f 1015/1063/75 1006/1054/75 1014/1062/75
f 1014/1062/75 1005/1053/75 1013/1061/75
f 1013/1061/75 1004/1052/75 1012/1060/75
f 1012/1060/75 1003/1051/75 1011/1059/75
f 1011/1059/75 1002/1050/75 1010/1058/75
f 341/346/74 1001/1049/74 1009/1057/74
f 1009/1057/74 1000/1048/74 1008/1056/74
f 1008/1056/74 999/1047/74 1007/1055/74
f 1007/1055/74 998/1046/74 1006/1054/74
f 1006/1054/74 997/1045/74 1005/1053/74
f 1005/1053/74 996/1044/74 1004/1052/74
f 1004/1052/74 995/1043/74 1003/1051/74
f 1003/1051/74 994/1042/74 1002/1050/74
f 335/340/73 993/1041/73 1001/1049/73
f 1001/1049/73 992/1040/73 1000/1048/73
f 1000/1048/73 991/1039/73 999/1047/73
f 999/1047/73 990/1038/73 998/1046/73
f 998/1046/73 989/1037/73 997/1045/73
f 997/1045/73 988/1036/73 996/1044/73
f 996/1044/73 987/1035/73 995/1043/73
f 995/1043/73 986/1034/73 994/1042/73
f 329/334/72 985/1033/72 993/1041/72
f 993/1041/72 984/1032/72 992/1040/72
f 992/1040/72 983/1031/72 991/1039/72
f 991/1039/72 982/1030/72 990/1038/72
f 990/1038/72 981/1029/72 989/1037/72
f 989/1037/72 980/1028/72 988/1036/72
f 988/1036/72 979/1027/72 987/1035/72
f 979/1027/72 986/1034/72 987/1035/72
f 323/328/71 977/1025/71 985/1033/71
f 985/1033/71 976/1024/71 984/1032/71
f 984/1032/71 975/1023/71 983/1031/71
f 983/1031/71 974/1022/71 982/1030/71
f 982/1030/71 973/1021/71 981/1029/71
f 981/1029/71 972/1020/71 980/1028/71
f 972/1020/71 979/1027/71 980/1028/71
f 971/1019/71 978/1026/71 979/1027/71
f 317/322/70 969/1017/70 977/1025/70
f 969/1017/70 976/1024/70 977/1025/70
f 968/1016/70 975/1023/70 976/1024/70
f 975/1023/70 966/1014/70 974/1022/70
f 974/1022/70 965/1013/70 973/1021/70
f 965/1013/70 972/1020/70 973/1021/70
f 972/1020/70 963/1011/70 971/1019/70
f 971/1019/70 962/1010/70 970/1018/70
f 305/310/7 969/1017/7 311/316/7
f 969/1017/7 960/1008/7 968/1016/7
f 968/1016/7 959/1007/7 967/1015/7
f 959/1007/7 966/1014/7 967/1015/7
f 958/1006/7 965/1013/7 966/1014/7
f 957/1005/7 964/1012/7 965/1013/7
f 956/1004/7 963/1011/7 964/1012/7
f 955/1003/7 962/1010/7 963/1011/7
f 299/304/69 961/1009/69 305/310/69
f 961/1009/69 952/1000/69 960/1008/69
f 960/1008/69 951/999/69 959/1007/69
f 951/999/69 958/1006/69 959/1007/69
f 950/998/69 957/1005/69 958/1006/69
f 949/997/69 956/1004/69 957/1005/69
f 948/996/69 955/1003/69 956/1004/69
f 947/995/69 954/1002/69 955/1003/69
f 293/298/68 953/1001/68 299/304/68
f 945/993/68 952/1000/68 953/1001/68
f 944/992/68 951/999/68 952/1000/68
f 943/991/68 950/998/68 951/999/68
f 942/990/68 949/997/68 950/998/68
f 941/989/68 948/996/68 949/997/68
f 940/988/68 947/995/68 948/996/68
f 939/987/68 946/994/68 947/995/68
f 287/292/67 945/993/67 293/298/67
f 937/985/67 944/992/67 945/993/67
f 936/984/67 943/991/67 944/992/67
f 935/983/67 942/990/67 943/991/67
f 934/982/67 941/989/67 942/990/67
f 933/981/67 940/988/67 941/989/67
f 932/980/67 939/987/67 940/988/67
f 931/979/67 938/986/67 939/987/67
f 281/286/66 937/985/66 287/292/66
f 929/977/66 936/984/66 937/985/66
f 928/976/66 935/983/66 936/984/66
f 927/975/66 934/982/66 935/983/66
f 926/974/66 933/981/66 934/982/66
f 925/973/66 932/980/66 933/981/66
f 924/972/66 931/979/66 932/980/66
f 923/971/66 930/978/66 931/979/66
f 275/280/65 929/977/65 281/286/65
f 921/969/65 928/976/65 929/977/65
f 920/968/65 927/975/65 928/976/65
f 919/967/65 926/974/65 927/975/65
f 918/966/65 925/973/65 926/974/65
f 917/965/65 924/972/65 925/973/65
f 916/964/65 923/971/65 924/972/65
f 915/963/65 922/970/65 923/971/65
f 257/262/64 905/953/64 269/274/64
f 889/937/64 904/952/64 905/953/64
f 888/936/64 903/951/64 904/952/64
f 887/935/64 902/950/64 903/951/64
f 886/934/64 901/949/64 902/950/64
f 885/933/64 900/948/64 901/949/64
f 884/932/64 899/947/64 900/948/64
f 883/931/64 898/946/64 899/947/64
f 353/358/63 1017/1065/63 1025/1073/63
f 1025/1073/63 1016/1064/63 1024/1072/63
f 1024/1072/63 1015/1063/63 1023/1071/63
f 1023/1071/63 1014/1062/63 1022/1070/63
f 1022/1070/63 1013/1061/63 1021/1069/63
f 1021/1069/63 1012/1060/63 1020/1068/63
f 1020/1068/63 1011/1059/63 1019/1067/63
f 1019/1067/63 1010/1058/63 1018/1066/63
f 1139/1189/735 1140/1192/735 1138/1186/735
f 1141/1194/736 1142/1196/736 1140/1192/736
f 1143/1198/737 1144/1200/737 1142/1196/737
f 1144/1200/738 1147/1206/738 1146/1204/738
f 1147/1206/739 1148/1208/739 1146/1204/739
f 1149/1210/740 1150/1212/740 1148/1208/740
f 1151/1214/741 1152/1216/741 1150/1212/741
f 1153/1218/742 1154/1220/742 1152/1216/742
f 1154/1220/743 1157/1226/743 1156/1224/743
f 1156/1224/744 1159/1230/744 1158/1228/744
f 1158/1228/745 1161/1234/745 1160/1232/745
f 1160/1232/746 1163/1238/746 1162/1236/746
f 1163/1238/747 1164/1240/747 1162/1236/747
f 1164/1240/748 1167/1246/748 1166/1244/748
f 1166/1244/749 1169/1250/749 1168/1248/749
f 1168/1248/750 1171/1254/750 1170/1252/750
f 1170/1252/751 1173/1258/751 1172/1256/751
f 1172/1256/752 1175/1262/752 1174/1260/752
f 1174/1260/753 1177/1266/753 1176/1264/753
f 1177/1266/754 1178/1268/754 1176/1264/754
f 1179/1270/755 1180/1272/755 1178/1268/755
f 1180/1272/756 1183/1278/756 1182/1276/756
f 1182/1276/757 1185/1282/757 1184/1280/757
f 1184/1280/758 1187/1286/758 1186/1284/758
f 1187/1286/759 1188/1288/759 1186/1284/759
f 1189/1290/760 1190/1292/760 1188/1288/760
f 1191/1294/761 1192/1296/761 1190/1292/761
f 1193/1298/762 1194/1300/762 1192/1296/762
f 1195/1302/763 1196/1304/763 1194/1300/763
f 1197/1306/764 1198/1308/764 1196/1304/764
f 1175/1263/765 1159/1231/765 1143/1199/765
f 1199/1311/766 1200/1312/766 1198/1308/766
f 1201/1315/767 1138/1187/767 1200/1312/767
f 1168/1249/768 1184/1281/768 1200/1313/768
f 98/99/1 102/107/1 504/513/1
f 452/457/769 453/458/769 517/526/769
f 529/538/770 451/456/770 452/457/770
f 535/544/771 450/455/771 451/456/771
f 541/550/772 449/454/772 450/455/772
f 547/556/6 553/562/6 449/454/6
f 137/142/7 142/147/7 552/561/7
f 553/562/773 559/568/773 456/461/773
f 559/568/774 565/574/774 463/468/774
f 565/574/775 571/580/775 470/475/775
f 577/586/776 477/482/776 470/475/776
f 583/592/777 484/489/777 477/482/777
f 589/598/778 491/496/778 484/489/778
f 595/604/6 601/610/6 491/496/6
f 177/182/14 182/187/14 600/609/14
f 601/610/779 607/616/779 492/497/779
f 607/616/780 613/622/780 493/498/780
f 613/622/781 619/628/781 494/499/781
f 494/499/782 619/628/782 625/634/782
f 495/500/783 625/634/783 631/640/783
f 496/501/784 631/640/784 637/646/784
f 497/502/6 637/646/6 643/652/6
f 217/222/21 222/227/21 648/657/21
f 490/495/785 497/502/785 649/658/785
f 483/488/786 490/495/786 655/664/786
f 476/481/787 483/488/787 661/670/787
f 476/481/788 667/676/788 673/682/788
f 469/474/789 673/682/789 679/688/789
f 462/467/790 679/688/790 685/694/790
f 10/10/28 9/9/28 41/41/28
f 454/459/791 455/460/791 505/514/791
f 453/458/792 454/459/792 511/520/792
f 32/32/28 876/923/28 870/916/28
f 31/31/28 870/916/28 864/909/28
f 30/30/28 864/909/28 858/902/28
f 28/28/28 29/29/28 858/902/28
f 27/27/28 28/28/28 852/895/28
f 26/26/28 27/27/28 846/888/28
f 26/26/28 840/881/28 834/874/28
f 24/24/28 25/25/28 834/874/28
f 24/24/28 828/867/28 822/860/28
f 23/23/28 822/860/28 816/853/28
f 22/22/28 816/853/28 810/846/28
f 20/20/28 21/21/28 810/846/28
f 19/19/28 20/20/28 804/839/28
f 18/18/28 19/19/28 798/832/28
f 18/18/28 792/825/28 786/818/28
f 16/16/28 17/17/28 786/818/28
f 16/16/28 780/811/28 774/804/28
f 15/15/28 774/804/28 768/797/28
f 14/14/28 768/797/28 762/790/28
f 12/12/28 13/13/28 762/790/28
f 11/11/28 12/12/28 756/783/28
f 10/10/28 11/11/28 750/776/28
f 10/10/28 744/769/28 738/762/28
f 8/8/28 9/9/28 738/762/28
f 8/8/28 732/755/28 726/748/28
f 7/7/28 726/748/28 720/741/28
f 6/6/28 720/741/28 714/734/28
f 4/4/28 5/5/28 714/734/28
f 2/2/28 3/3/28 702/720/28
f 877/924/31 696/710/31 97/98/31
f 691/704/32 703/721/32 108/113/32
f 97/97/33 696/711/33 691/704/33
f 703/721/34 709/728/34 113/118/34
f 709/728/35 715/735/35 118/123/35
f 715/735/36 721/742/36 123/128/36
f 721/742/37 727/749/37 128/133/37
f 727/749/38 733/756/38 133/138/38
f 733/756/39 739/763/39 138/143/39
f 138/143/40 739/763/40 745/770/40
f 745/770/41 751/777/41 148/153/41
f 751/777/42 757/784/42 153/158/42
f 757/784/43 763/791/43 158/163/43
f 763/791/44 769/798/44 163/168/44
f 769/798/45 775/805/45 168/173/45
f 775/805/46 781/812/46 173/178/46
f 781/812/47 787/819/47 178/183/47
f 178/183/48 787/819/48 793/826/48
f 793/826/49 799/833/49 188/193/49
f 799/833/50 805/840/50 193/198/50
f 805/840/51 811/847/51 198/203/51
f 811/847/52 817/854/52 203/208/52
f 817/854/53 823/861/53 208/213/53
f 823/861/54 829/868/54 213/218/54
f 829/868/55 835/875/55 218/223/55
f 218/223/56 835/875/56 841/882/56
f 841/882/57 847/889/57 228/233/57
f 847/889/58 853/896/58 233/238/58
f 853/896/59 859/903/59 238/243/59
f 859/903/60 865/910/60 243/248/60
f 865/910/61 871/917/61 248/253/61
f 871/917/62 877/924/62 253/258/62
f 3/3/28 4/4/28 708/727/28
f 1018/1066/63 1010/1058/63 80/80/63
f 24/24/28 23/23/28 55/55/28
f 11/11/28 10/10/28 42/42/28
f 25/25/28 24/24/28 56/56/28
f 12/12/28 11/11/28 43/43/28
f 26/26/28 25/25/28 57/57/28
f 13/13/28 12/12/28 44/44/28
f 27/27/28 26/26/28 58/58/28
f 14/14/28 13/13/28 45/45/28
f 28/28/28 27/27/28 59/59/28
f 15/15/28 14/14/28 46/46/28
f 2/2/28 1/1/28 34/34/28
f 29/29/28 28/28/28 60/60/28
f 16/16/28 15/15/28 47/47/28
f 3/3/28 2/2/28 33/33/28
f 30/30/28 29/29/28 61/61/28
f 17/17/28 16/16/28 48/48/28
f 4/4/28 3/3/28 35/35/28
f 31/31/28 30/30/28 62/62/28
f 18/18/28 17/17/28 49/49/28
f 5/5/28 4/4/28 36/36/28
f 32/32/28 31/31/28 63/63/28
f 19/19/28 18/18/28 50/50/28
f 6/6/28 5/5/28 37/37/28
f 1/1/28 32/32/28 64/64/28
f 20/20/28 19/19/28 51/51/28
f 7/7/28 6/6/28 38/38/28
f 21/21/28 20/20/28 52/52/28
f 8/8/28 7/7/28 39/39/28
f 22/22/28 21/21/28 53/53/28
f 9/9/28 8/8/28 40/40/28
f 23/23/28 22/22/28 54/54/28
f 882/930/64 65/65/64 67/67/64
f 258/263/28 33/33/28 34/34/28
f 914/962/65 68/68/65 69/69/65
f 922/970/66 69/69/66 70/70/66
f 930/978/67 70/70/67 71/71/67
f 938/986/68 71/71/68 72/72/68
f 946/994/69 72/72/69 73/73/69
f 954/1002/7 73/73/7 74/74/7
f 962/1010/70 74/74/70 75/75/70
f 970/1018/71 75/75/71 76/76/71
f 986/1034/72 978/1026/72 76/76/72
f 994/1042/73 986/1034/73 77/77/73
f 1002/1050/74 994/1042/74 78/78/74
f 348/353/28 48/48/28 47/47/28
f 1010/1058/75 1002/1050/75 79/79/75
f 1026/1074/14 1018/1066/14 81/81/14
f 1034/1082/76 1026/1074/76 82/82/76
f 1042/1090/77 1034/1082/77 83/83/77
f 1050/1098/78 1042/1090/78 84/84/78
f 1058/1106/79 1050/1098/79 85/85/79
f 1066/1114/80 1058/1106/80 86/86/80
f 1066/1114/81 87/87/81 88/88/81
f 1074/1122/82 88/88/82 89/89/82
f 1090/1138/21 1082/1130/21 89/89/21
f 1090/1138/83 90/90/83 91/91/83
f 1098/1146/84 91/91/84 92/92/84
f 1106/1154/85 92/92/85 93/93/85
f 1114/1162/86 93/93/86 94/94/86
f 1122/1170/87 94/94/87 95/95/87
f 1130/1178/88 95/95/88 96/96/88
f 898/946/89 67/67/89 68/68/89
f 67/67/28 65/65/28 66/66/28
f 66/66/28 96/96/28 95/95/28
f 95/95/28 94/94/28 93/93/28
f 93/93/28 92/92/28 91/91/28
f 91/91/793 90/90/793 89/89/793
f 89/89/794 88/88/794 87/87/794
f 87/87/28 86/86/28 85/85/28
f 85/85/28 84/84/28 83/83/28
f 83/83/28 82/82/28 81/81/28
f 81/81/28 80/80/28 79/79/28
f 79/79/28 78/78/28 77/77/28
f 77/77/28 76/76/28 75/75/28
f 75/75/28 74/74/28 73/73/28
f 73/73/28 72/72/28 71/71/28
f 71/71/28 70/70/28 69/69/28
f 69/69/28 68/68/28 67/67/28
f 67/67/28 66/66/28 95/95/28
f 95/95/28 93/93/28 91/91/28
f 91/91/28 89/89/28 87/87/28
f 87/87/28 85/85/28 83/83/28
f 83/83/28 81/81/28 79/79/28
f 79/79/28 77/77/28 75/75/28
f 75/75/28 73/73/28 71/71/28
f 71/71/28 69/69/28 67/67/28
f 67/67/28 95/95/28 91/91/28
f 91/91/28 87/87/28 83/83/28
f 83/83/28 79/79/28 75/75/28
f 75/75/28 71/71/28 67/67/28
f 67/67/28 91/91/28 83/83/28
f 913/961/90 96/96/90 66/66/90
f 432/437/28 62/62/28 61/61/28
f 348/353/28 354/359/28 49/49/28
f 270/275/28 276/281/28 36/36/28
f 438/443/28 63/63/28 62/62/28
f 360/365/28 50/50/28 49/49/28
f 276/281/28 282/287/28 37/37/28
f 444/449/28 64/64/28 63/63/28
f 366/371/28 51/51/28 50/50/28
f 288/293/28 38/38/28 37/37/28
f 444/449/28 263/268/28 34/34/28
f 366/371/28 372/377/28 52/52/28
f 294/299/28 39/39/28 38/38/28
f 372/377/28 378/383/28 53/53/28
f 300/305/28 40/40/28 39/39/28
f 384/389/28 54/54/28 53/53/28
f 300/305/28 306/311/28 41/41/28
f 390/395/28 55/55/28 54/54/28
f 312/317/28 42/42/28 41/41/28
f 396/401/28 56/56/28 55/55/28
f 318/323/28 43/43/28 42/42/28
f 396/401/28 402/407/28 57/57/28
f 318/323/28 324/329/28 44/44/28
f 408/413/28 58/58/28 57/57/28
f 324/329/28 330/335/28 45/45/28
f 414/419/28 59/59/28 58/58/28
f 336/341/28 46/46/28 45/45/28
f 414/419/28 420/425/28 60/60/28
f 342/347/28 47/47/28 46/46/28
f 270/275/28 35/35/28 33/33/28
f 420/425/28 426/431/28 61/61/28
f 97/98/91 99/101/91 256/261/91
f 99/101/92 100/103/92 255/260/92
f 100/103/93 101/105/93 254/259/93
f 101/105/795 98/100/795 252/257/795
f 253/258/796 256/261/796 251/256/796
f 256/261/96 255/260/96 250/255/96
f 250/255/97 255/260/97 254/259/97
f 254/259/797 252/257/797 247/252/797
f 248/253/99 251/256/99 246/251/99
f 251/256/100 250/255/100 245/250/100
f 245/250/101 250/255/101 249/254/101
f 249/254/102 247/252/102 242/247/102
f 238/243/103 243/248/103 246/251/103
f 246/251/104 245/250/104 240/245/104
f 240/245/105 245/250/105 244/249/105
f 244/249/106 242/247/106 237/242/106
f 238/243/798 241/246/798 236/241/798
f 241/246/108 240/245/108 235/240/108
f 240/245/109 239/244/109 234/239/109
f 239/244/110 237/242/110 232/237/110
f 228/233/111 233/238/111 236/241/111
f 236/241/799 235/240/799 230/235/799
f 235/240/113 234/239/113 229/234/113
f 229/234/114 234/239/114 232/237/114
f 223/228/115 228/233/115 231/236/115
f 226/231/800 231/236/800 230/235/800
f 230/235/117 229/234/117 224/229/117
f 229/234/118 227/232/118 222/227/118
f 223/228/119 226/231/119 221/226/119
f 226/231/801 225/230/801 220/225/801
f 225/230/121 224/229/121 219/224/121
f 224/229/122 222/227/122 217/222/122
f 218/223/123 221/226/123 216/221/123
f 221/226/802 220/225/802 215/220/802
f 220/225/125 219/224/125 214/219/125
f 219/224/126 217/222/126 212/217/126
f 213/218/127 216/221/127 211/216/127
f 216/221/128 215/220/128 210/215/128
f 210/215/129 215/220/129 214/219/129
f 214/219/130 212/217/130 207/212/130
f 208/213/131 211/216/131 206/211/131
f 211/216/132 210/215/132 205/210/132
f 205/210/133 210/215/133 209/214/133
f 209/214/134 207/212/134 202/207/134
f 198/203/803 203/208/803 206/211/803
f 206/211/136 205/210/136 200/205/136
f 200/205/137 205/210/137 204/209/137
f 204/209/804 202/207/804 197/202/804
f 198/203/139 201/206/139 196/201/139
f 201/206/140 200/205/140 195/200/140
f 200/205/141 199/204/141 194/199/141
f 199/204/142 197/202/142 192/197/142
f 188/193/143 193/198/143 196/201/143
f 196/201/144 195/200/144 190/195/144
f 195/200/145 194/199/145 189/194/145
f 189/194/146 194/199/146 192/197/146
f 183/188/805 188/193/805 191/196/805
f 186/191/148 191/196/148 190/195/148
f 190/195/149 189/194/149 184/189/149
f 189/194/150 187/192/150 182/187/150
f 183/188/151 186/191/151 181/186/151
f 186/191/806 185/190/806 180/185/806
f 185/190/807 184/189/807 179/184/807
f 184/189/154 182/187/154 177/182/154
f 178/183/155 181/186/155 176/181/155
f 181/186/156 180/185/156 175/180/156
f 180/185/157 179/184/157 174/179/157
f 179/184/808 177/182/808 172/177/808
f 173/178/809 176/181/809 171/176/809
f 176/181/160 175/180/160 170/175/160
f 170/175/161 175/180/161 174/179/161
f 174/179/810 172/177/810 167/172/810
f 168/173/163 171/176/163 166/171/163
f 171/176/164 170/175/164 165/170/164
f 165/170/165 170/175/165 169/174/165
f 169/174/166 167/172/166 162/167/166
f 158/163/167 163/168/167 166/171/167
f 166/171/168 165/170/168 160/165/168
f 160/165/169 165/170/169 164/169/169
f 164/169/170 162/167/170 157/162/170
f 158/163/811 161/166/811 156/161/811
f 161/166/172 160/165/172 155/160/172
f 160/165/173 159/164/173 154/159/173
f 159/164/174 157/162/174 152/157/174
f 148/153/175 153/158/175 156/161/175
f 156/161/812 155/160/812 150/155/812
f 155/160/177 154/159/177 149/154/177
f 149/154/178 154/159/178 152/157/178
f 143/148/179 148/153/179 151/156/179
f 146/151/813 151/156/813 150/155/813
f 150/155/181 149/154/181 144/149/181
f 149/154/182 147/152/182 142/147/182
f 143/148/183 146/151/183 141/146/183
f 146/151/814 145/150/814 140/145/814
f 145/150/185 144/149/185 139/144/185
f 144/149/186 142/147/186 137/142/186
f 138/143/187 141/146/187 136/141/187
f 141/146/815 140/145/815 135/140/815
f 140/145/189 139/144/189 134/139/189
f 139/144/190 137/142/190 132/137/190
f 133/138/191 136/141/191 131/136/191
f 136/141/192 135/140/192 130/135/192
f 130/135/193 135/140/193 134/139/193
f 134/139/194 132/137/194 127/132/194
f 128/133/195 131/136/195 126/131/195
f 131/136/196 130/135/196 125/130/196
f 125/130/197 130/135/197 129/134/197
f 129/134/198 127/132/198 122/127/198
f 118/123/816 123/128/816 126/131/816
f 126/131/200 125/130/200 120/125/200
f 120/125/201 125/130/201 124/129/201
f 124/129/817 122/127/817 117/122/817
f 118/123/203 121/126/203 116/121/203
f 121/126/204 120/125/204 115/120/204
f 120/125/205 119/124/205 114/119/205
f 119/124/206 117/122/206 112/117/206
f 108/113/207 113/118/207 116/121/207
f 116/121/208 115/120/208 110/115/208
f 115/120/209 114/119/209 109/114/209
f 109/114/210 114/119/210 112/117/210
f 103/108/818 108/113/818 111/116/818
f 106/111/212 111/116/212 110/115/212
f 110/115/213 109/114/213 104/109/213
f 109/114/214 107/112/214 102/107/214
f 103/108/215 106/111/215 99/102/215
f 106/111/819 105/110/819 100/104/819
f 105/110/820 104/109/820 101/106/820
f 104/109/218 102/107/218 98/99/218
f 32/32/28 1/1/28 697/712/28
f 258/263/219 263/268/219 265/270/219
f 262/267/220 265/270/220 266/271/220
f 266/271/221 267/272/221 260/265/221
f 267/272/222 268/273/222 259/264/222
f 268/273/223 264/269/223 257/262/223
f 258/263/224 262/267/224 274/279/224
f 262/267/225 261/266/225 273/278/225
f 261/266/226 260/265/226 272/277/226
f 260/265/227 259/264/227 271/276/227
f 259/264/228 257/262/228 269/274/228
f 276/281/821 270/275/821 274/279/821
f 274/279/230 273/278/230 279/284/230
f 273/278/231 272/277/231 278/283/231
f 272/277/232 271/276/232 277/282/232
f 271/276/233 269/274/233 275/280/233
f 276/281/822 280/285/822 286/291/822
f 280/285/235 279/284/235 285/290/235
f 279/284/236 278/283/236 284/289/236
f 278/283/237 277/282/237 283/288/237
f 277/282/238 275/280/238 281/286/238
f 282/287/239 286/291/239 292/297/239
f 286/291/240 285/290/240 291/296/240
f 285/290/241 284/289/241 290/295/241
f 284/289/823 283/288/823 289/294/823
f 283/288/243 281/286/243 287/292/243
f 294/299/824 288/293/824 292/297/824
f 298/303/245 292/297/245 291/296/245
f 291/296/246 290/295/246 296/301/246
f 290/295/247 289/294/247 295/300/247
f 289/294/248 287/292/248 293/298/248
f 294/299/249 298/303/249 304/309/249
f 298/303/825 297/302/825 303/308/825
f 297/302/826 296/301/826 302/307/826
f 302/307/252 296/301/252 295/300/252
f 295/300/253 293/298/253 299/304/253
f 306/311/254 300/305/254 304/309/254
f 304/309/255 303/308/255 309/314/255
f 303/308/256 302/307/256 308/313/256
f 302/307/257 301/306/257 307/312/257
f 301/306/258 299/304/258 305/310/258
f 306/311/259 310/315/259 316/321/259
f 316/321/260 310/315/260 309/314/260
f 309/314/261 308/313/261 314/319/261
f 314/319/262 308/313/262 307/312/262
f 307/312/263 305/310/263 311/316/263
f 312/317/264 316/321/264 322/327/264
f 316/321/827 315/320/827 321/326/827
f 315/320/828 314/319/828 320/325/828
f 320/325/267 314/319/267 313/318/267
f 313/318/268 311/316/268 317/322/268
f 324/329/829 318/323/829 322/327/829
f 328/333/270 322/327/270 321/326/270
f 321/326/271 320/325/271 326/331/271
f 320/325/272 319/324/272 325/330/272
f 325/330/273 319/324/273 317/322/273
f 330/335/274 324/329/274 328/333/274
f 334/339/275 328/333/275 327/332/275
f 333/338/276 327/332/276 326/331/276
f 326/331/277 325/330/277 331/336/277
f 325/330/278 323/328/278 329/334/278
f 330/335/830 334/339/830 340/345/830
f 334/339/280 333/338/280 339/344/280
f 333/338/281 332/337/281 338/343/281
f 332/337/831 331/336/831 337/342/831
f 331/336/283 329/334/283 335/340/283
f 342/347/832 336/341/832 340/345/832
f 346/351/285 340/345/285 339/344/285
f 345/350/286 339/344/286 338/343/286
f 344/349/287 338/343/287 337/342/287
f 343/348/288 337/342/288 335/340/288
f 342/347/289 346/351/289 352/357/289
f 346/351/290 345/350/290 351/356/290
f 345/350/291 344/349/291 350/355/291
f 344/349/292 343/348/292 349/354/292
f 349/354/293 343/348/293 341/346/293
f 348/353/294 352/357/294 358/363/294
f 358/363/295 352/357/295 351/356/295
f 357/362/296 351/356/296 350/355/296
f 356/361/297 350/355/297 349/354/297
f 355/360/298 349/354/298 347/352/298
f 360/365/299 354/359/299 358/363/299
f 364/369/300 358/363/300 357/362/300
f 363/368/301 357/362/301 356/361/301
f 362/367/302 356/361/302 355/360/302
f 355/360/303 353/358/303 359/364/303
f 360/365/304 364/369/304 370/375/304
f 364/369/305 363/368/305 369/374/305
f 363/368/306 362/367/306 368/373/306
f 362/367/307 361/366/307 367/372/307
f 367/372/308 361/366/308 359/364/308
f 372/377/833 366/371/833 370/375/833
f 376/381/310 370/375/310 369/374/310
f 375/380/311 369/374/311 368/373/311
f 374/379/312 368/373/312 367/372/312
f 373/378/313 367/372/313 365/370/313
f 372/377/314 376/381/314 382/387/314
f 376/381/315 375/380/315 381/386/315
f 381/386/316 375/380/316 374/379/316
f 380/385/834 374/379/834 373/378/834
f 373/378/318 371/376/318 377/382/318
f 384/389/319 378/383/319 382/387/319
f 382/387/320 381/386/320 387/392/320
f 381/386/321 380/385/321 386/391/321
f 380/385/322 379/384/322 385/390/322
f 385/390/323 379/384/323 377/382/323
f 390/395/835 384/389/835 388/393/835
f 388/393/325 387/392/325 393/398/325
f 387/392/326 386/391/326 392/397/326
f 386/391/327 385/390/327 391/396/327
f 385/390/328 383/388/328 389/394/328
f 390/395/329 394/399/329 400/405/329
f 394/399/330 393/398/330 399/404/330
f 393/398/331 392/397/331 398/403/331
f 398/403/836 392/397/836 391/396/836
f 391/396/333 389/394/333 395/400/333
f 402/407/334 396/401/334 400/405/334
f 406/411/335 400/405/335 399/404/335
f 405/410/336 399/404/336 398/403/336
f 404/409/337 398/403/337 397/402/337
f 403/408/338 397/402/338 395/400/338
f 408/413/339 402/407/339 406/411/339
f 406/411/340 405/410/340 411/416/340
f 405/410/341 404/409/341 410/415/341
f 404/409/342 403/408/342 409/414/342
f 403/408/343 401/406/343 407/412/343
f 408/413/344 412/417/344 418/423/344
f 418/423/837 412/417/837 411/416/837
f 411/416/346 410/415/346 416/421/346
f 410/415/347 409/414/347 415/420/347
f 409/414/348 407/412/348 413/418/348
f 414/419/838 418/423/838 424/429/838
f 424/429/350 418/423/350 417/422/350
f 417/422/351 416/421/351 422/427/351
f 416/421/352 415/420/352 421/426/352
f 415/420/353 413/418/353 419/424/353
f 426/431/354 420/425/354 424/429/354
f 424/429/355 423/428/355 429/434/355
f 423/428/356 422/427/356 428/433/356
f 422/427/839 421/426/839 427/432/839
f 421/426/358 419/424/358 425/430/358
f 426/431/840 430/435/840 436/441/840
f 430/435/360 429/434/360 435/440/360
f 429/434/361 428/433/361 434/439/361
f 428/433/362 427/432/362 433/438/362
f 427/432/363 425/430/363 431/436/363
f 432/437/364 436/441/364 442/447/364
f 442/447/365 436/441/365 435/440/365
f 435/440/366 434/439/366 440/445/366
f 434/439/367 433/438/367 439/444/367
f 433/438/368 431/436/368 437/442/368
f 438/443/369 442/447/369 448/453/369
f 442/447/370 441/446/370 447/452/370
f 441/446/371 440/445/371 446/451/371
f 440/445/372 439/444/372 445/450/372
f 439/444/373 437/442/373 443/448/373
f 444/449/374 448/453/374 265/270/374
f 448/453/375 447/452/375 266/271/375
f 447/452/376 446/451/376 267/272/376
f 446/451/377 445/450/377 268/273/377
f 445/450/378 443/448/378 264/269/378
f 897/945/1 66/66/1 65/65/1
f 132/137/69 137/142/69 546/555/69
f 142/147/70 147/152/70 558/567/70
f 147/152/71 152/157/71 564/573/71
f 152/157/72 157/162/72 570/579/72
f 157/162/73 162/167/73 576/585/73
f 162/167/74 167/172/74 582/591/74
f 167/172/75 172/177/75 588/597/75
f 172/177/63 177/182/63 594/603/63
f 127/132/68 132/137/68 540/549/68
f 449/454/841 456/461/841 457/462/841
f 456/461/842 463/468/842 464/469/842
f 463/468/843 470/475/843 471/476/843
f 477/482/844 478/483/844 471/476/844
f 484/489/845 485/490/845 478/483/845
f 491/496/846 492/497/846 485/490/846
f 182/187/76 187/192/76 606/615/76
f 122/127/67 127/132/67 534/543/67
f 450/455/847 457/462/847 458/463/847
f 457/462/848 464/469/848 465/470/848
f 464/469/849 471/476/849 472/477/849
f 478/483/850 479/484/850 472/477/850
f 485/490/851 486/491/851 479/484/851
f 492/497/852 493/498/852 486/491/852
f 187/192/77 192/197/77 612/621/77
f 117/122/66 122/127/66 528/537/66
f 451/456/853 458/463/853 459/464/853
f 458/463/854 465/470/854 466/471/854
f 465/470/855 472/477/855 473/478/855
f 479/484/856 480/485/856 473/478/856
f 486/491/857 487/492/857 480/485/857
f 493/498/858 494/499/858 487/492/858
f 192/197/78 197/202/78 618/627/78
f 112/117/65 117/122/65 522/531/65
f 459/464/859 460/465/859 453/458/859
f 466/471/860 467/472/860 460/465/860
f 473/478/861 474/479/861 467/472/861
f 473/478/862 480/485/862 481/486/862
f 480/485/863 487/492/863 488/493/863
f 487/492/864 494/499/864 495/500/864
f 197/202/79 202/207/79 624/633/79
f 107/112/89 112/117/89 516/525/89
f 460/465/865 461/466/865 454/459/865
f 467/472/866 468/473/866 461/466/866
f 474/479/867 475/480/867 468/473/867
f 474/479/868 481/486/868 482/487/868
f 481/486/869 488/493/869 489/494/869
f 488/493/870 495/500/870 496/501/870
f 202/207/80 207/212/80 630/639/80
f 102/107/64 107/112/64 510/519/64
f 461/466/871 462/467/871 455/460/871
f 468/473/872 469/474/872 462/467/872
f 475/480/873 476/481/873 469/474/873
f 475/480/874 482/487/874 483/488/874
f 482/487/875 489/494/875 490/495/875
f 489/494/876 496/501/876 497/502/876
f 207/212/81 212/217/81 636/645/81
f 252/257/90 98/100/90 499/505/90
f 247/252/88 252/257/88 684/693/88
f 242/247/87 247/252/87 678/687/87
f 237/242/86 242/247/86 672/681/86
f 232/237/85 237/242/85 666/675/85
f 227/232/84 232/237/84 660/669/84
f 222/227/83 227/232/83 654/663/83
f 212/217/82 217/222/82 642/651/82
f 499/504/877 504/513/877 506/515/877
f 503/511/878 506/515/878 507/516/878
f 502/508/879 507/516/879 508/517/879
f 501/507/880 508/517/880 509/518/880
f 500/506/881 509/518/881 505/514/881
f 504/513/882 510/519/882 512/521/882
f 506/515/883 512/521/883 513/522/883
f 507/516/884 513/522/884 514/523/884
f 508/517/885 514/523/885 515/524/885
f 509/518/886 515/524/886 511/520/886
f 510/519/887 516/525/887 518/527/887
f 512/521/888 518/527/888 519/528/888
f 513/522/889 519/528/889 520/529/889
f 514/523/890 520/529/890 521/530/890
f 515/524/891 521/530/891 517/526/891
f 516/525/892 522/531/892 524/533/892
f 518/527/893 524/533/893 525/534/893
f 519/528/894 525/534/894 526/535/894
f 520/529/895 526/535/895 527/536/895
f 521/530/896 527/536/896 523/532/896
f 528/537/897 530/539/897 524/533/897
f 530/539/898 531/540/898 525/534/898
f 531/540/899 532/541/899 526/535/899
f 532/541/900 533/542/900 527/536/900
f 533/542/901 529/538/901 523/532/901
f 534/543/902 536/545/902 530/539/902
f 536/545/903 537/546/903 531/540/903
f 537/546/904 538/547/904 532/541/904
f 538/547/905 539/548/905 533/542/905
f 539/548/906 535/544/906 529/538/906
f 540/549/907 542/551/907 536/545/907
f 542/551/908 543/552/908 537/546/908
f 543/552/909 544/553/909 538/547/909
f 544/553/910 545/554/910 539/548/910
f 545/554/911 541/550/911 535/544/911
f 546/555/912 548/557/912 542/551/912
f 548/557/913 549/558/913 543/552/913
f 549/558/914 550/559/914 544/553/914
f 550/559/915 551/560/915 545/554/915
f 551/560/916 547/556/916 541/550/916
f 546/555/917 552/561/917 554/563/917
f 548/557/918 554/563/918 555/564/918
f 549/558/919 555/564/919 556/565/919
f 550/559/920 556/565/920 557/566/920
f 551/560/921 557/566/921 553/562/921
f 552/561/922 558/567/922 560/569/922
f 554/563/923 560/569/923 561/570/923
f 555/564/924 561/570/924 562/571/924
f 556/565/925 562/571/925 563/572/925
f 557/566/926 563/572/926 559/568/926
f 558/567/927 564/573/927 566/575/927
f 560/569/928 566/575/928 567/576/928
f 561/570/929 567/576/929 568/577/929
f 562/571/930 568/577/930 569/578/930
f 563/572/931 569/578/931 565/574/931
f 564/573/932 570/579/932 572/581/932
f 566/575/933 572/581/933 573/582/933
f 567/576/934 573/582/934 574/583/934
f 568/577/935 574/583/935 575/584/935
f 569/578/936 575/584/936 571/580/936
f 576/585/937 578/587/937 572/581/937
f 578/587/938 579/588/938 573/582/938
f 579/588/939 580/589/939 574/583/939
f 580/589/940 581/590/940 575/584/940
f 581/590/941 577/586/941 571/580/941
f 582/591/942 584/593/942 578/587/942
f 584/593/943 585/594/943 579/588/943
f 585/594/944 586/595/944 580/589/944
f 586/595/945 587/596/945 581/590/945
f 587/596/946 583/592/946 577/586/946
f 588/597/947 590/599/947 584/593/947
f 590/599/948 591/600/948 585/594/948
f 591/600/949 592/601/949 586/595/949
f 592/601/950 593/602/950 587/596/950
f 593/602/951 589/598/951 583/592/951
f 594/603/952 596/605/952 590/599/952
f 596/605/953 597/606/953 591/600/953
f 597/606/954 598/607/954 592/601/954
f 598/607/955 599/608/955 593/602/955
f 599/608/956 595/604/956 589/598/956
f 594/603/957 600/609/957 602/611/957
f 596/605/958 602/611/958 603/612/958
f 597/606/959 603/612/959 604/613/959
f 598/607/960 604/613/960 605/614/960
f 599/608/961 605/614/961 601/610/961
f 600/609/962 606/615/962 608/617/962
f 602/611/963 608/617/963 609/618/963
f 603/612/964 609/618/964 610/619/964
f 604/613/965 610/619/965 611/620/965
f 605/614/966 611/620/966 607/616/966
f 606/615/967 612/621/967 614/623/967
f 608/617/968 614/623/968 615/624/968
f 609/618/969 615/624/969 616/625/969
f 610/619/970 616/625/970 617/626/970
f 611/620/971 617/626/971 613/622/971
f 612/621/972 618/627/972 620/629/972
f 614/623/973 620/629/973 621/630/973
f 615/624/974 621/630/974 622/631/974
f 616/625/975 622/631/975 623/632/975
f 617/626/976 623/632/976 619/628/976
f 624/633/977 626/635/977 620/629/977
f 626/635/978 627/636/978 621/630/978
f 627/636/979 628/637/979 622/631/979
f 628/637/980 629/638/980 623/632/980
f 629/638/981 625/634/981 619/628/981
f 630/639/982 632/641/982 626/635/982
f 632/641/983 633/642/983 627/636/983
f 633/642/984 634/643/984 628/637/984
f 634/643/985 635/644/985 629/638/985
f 635/644/986 631/640/986 625/634/986
f 636/645/987 638/647/987 632/641/987
f 638/647/988 639/648/988 633/642/988
f 639/648/989 640/649/989 634/643/989
f 640/649/990 641/650/990 635/644/990
f 641/650/991 637/646/991 631/640/991
f 642/651/992 644/653/992 638/647/992
f 644/653/993 645/654/993 639/648/993
f 645/654/994 646/655/994 640/649/994
f 646/655/995 647/656/995 641/650/995
f 647/656/996 643/652/996 637/646/996
f 642/651/997 648/657/997 650/659/997
f 644/653/998 650/659/998 651/660/998
f 645/654/999 651/660/999 652/661/999
f 646/655/1000 652/661/1000 653/662/1000
f 647/656/1001 653/662/1001 649/658/1001
f 648/657/1002 654/663/1002 656/665/1002
f 650/659/1003 656/665/1003 657/666/1003
f 651/660/1004 657/666/1004 658/667/1004
f 652/661/1005 658/667/1005 659/668/1005
f 653/662/1006 659/668/1006 655/664/1006
f 654/663/1007 660/669/1007 662/671/1007
f 656/665/1008 662/671/1008 663/672/1008
f 657/666/1009 663/672/1009 664/673/1009
f 658/667/1010 664/673/1010 665/674/1010
f 659/668/1011 665/674/1011 661/670/1011
f 660/669/1012 666/675/1012 668/677/1012
f 662/671/1013 668/677/1013 669/678/1013
f 663/672/1014 669/678/1014 670/679/1014
f 664/673/1015 670/679/1015 671/680/1015
f 665/674/1016 671/680/1016 667/676/1016
f 672/681/1017 674/683/1017 668/677/1017
f 674/683/1018 675/684/1018 669/678/1018
f 675/684/1019 676/685/1019 670/679/1019
f 676/685/1020 677/686/1020 671/680/1020
f 677/686/1021 673/682/1021 667/676/1021
f 678/687/1022 680/689/1022 674/683/1022
f 680/689/1023 681/690/1023 675/684/1023
f 681/690/1024 682/691/1024 676/685/1024
f 682/691/1025 683/692/1025 677/686/1025
f 683/692/1026 679/688/1026 673/682/1026
f 684/693/1027 686/695/1027 680/689/1027
f 686/695/1028 687/697/1028 681/690/1028
f 687/697/1029 688/699/1029 682/691/1029
f 688/699/1030 689/701/1030 683/692/1030
f 689/701/1031 685/694/1031 679/688/1031
f 499/505/1032 503/512/1032 686/695/1032
f 503/512/1033 502/509/1033 687/698/1033
f 502/510/1034 501/507/1034 688/700/1034
f 501/507/1035 500/506/1035 689/702/1035
f 500/506/1036 498/503/1036 685/694/1036
f 455/460/6 685/694/6 498/503/6
f 696/711/575 698/713/575 695/709/575
f 695/709/576 698/713/576 699/716/576
f 699/717/577 700/718/577 693/706/577
f 700/718/578 701/719/578 692/705/578
f 701/719/1037 697/712/1037 690/703/1037
f 703/721/580 691/704/580 695/709/580
f 695/709/581 694/707/581 706/724/581
f 706/725/582 694/708/582 693/706/582
f 693/706/583 692/705/583 704/722/583
f 692/705/584 690/703/584 702/720/584
f 703/721/1038 707/726/1038 713/733/1038
f 713/733/586 707/726/586 706/724/586
f 712/732/587 706/725/587 705/723/587
f 705/723/588 704/722/588 710/729/588
f 710/729/589 704/722/589 702/720/589
f 709/728/590 713/733/590 719/740/590
f 713/733/1039 712/731/1039 718/738/1039
f 712/732/592 711/730/592 717/737/592
f 717/737/593 711/730/593 710/729/593
f 710/729/1040 708/727/1040 714/734/1040
f 715/735/595 719/740/595 725/747/595
f 719/740/596 718/738/596 724/745/596
f 718/739/597 717/737/597 723/744/597
f 717/737/1041 716/736/1041 722/743/1041
f 716/736/599 714/734/599 720/741/599
f 727/749/600 721/742/600 725/747/600
f 731/754/1042 725/747/1042 724/745/1042
f 724/746/602 723/744/602 729/751/602
f 723/744/1043 722/743/1043 728/750/1043
f 722/743/1044 720/741/1044 726/748/1044
f 727/749/1045 731/754/1045 737/761/1045
f 731/754/606 730/752/606 736/759/606
f 730/753/607 729/751/607 735/758/607
f 735/758/608 729/751/608 728/750/608
f 734/757/1046 728/750/1046 726/748/1046
f 733/756/610 737/761/610 743/768/610
f 737/761/1047 736/759/1047 742/766/1047
f 736/760/612 735/758/612 741/765/612
f 735/758/1048 734/757/1048 740/764/1048
f 734/757/614 732/755/614 738/762/614
f 739/763/615 743/768/615 749/775/615
f 743/768/1049 742/766/1049 748/773/1049
f 742/767/617 741/765/617 747/772/617
f 741/765/1050 740/764/1050 746/771/1050
f 746/771/619 740/764/619 738/762/619
f 751/777/1051 745/770/1051 749/775/1051
f 749/775/1052 748/773/1052 754/780/1052
f 754/781/622 748/774/622 747/772/622
f 747/772/623 746/771/623 752/778/623
f 746/771/1053 744/769/1053 750/776/1053
f 751/777/625 755/782/625 761/789/625
f 761/789/626 755/782/626 754/780/626
f 760/788/627 754/781/627 753/779/627
f 753/779/628 752/778/628 758/785/628
f 758/785/1054 752/778/1054 750/776/1054
f 757/784/630 761/789/630 767/796/630
f 761/789/1055 760/787/1055 766/794/1055
f 760/788/632 759/786/632 765/793/632
f 765/793/1056 759/786/1056 758/785/1056
f 758/785/634 756/783/634 762/790/634
f 763/791/635 767/796/635 773/803/635
f 767/796/1057 766/794/1057 772/801/1057
f 766/795/637 765/793/637 771/800/637
f 765/793/638 764/792/638 770/799/638
f 764/792/639 762/790/639 768/797/639
f 775/805/1058 769/798/1058 773/803/1058
f 779/810/641 773/803/641 772/801/641
f 772/802/642 771/800/642 777/807/642
f 771/800/643 770/799/643 776/806/643
f 770/799/644 768/797/644 774/804/644
f 775/805/645 779/810/645 785/817/645
f 779/810/646 778/808/646 784/815/646
f 778/809/647 777/807/647 783/814/647
f 783/814/648 777/807/648 776/806/648
f 782/813/649 776/806/649 774/804/649
f 781/812/650 785/817/650 791/824/650
f 785/817/651 784/815/651 790/822/651
f 784/816/652 783/814/652 789/821/652
f 783/814/653 782/813/653 788/820/653
f 782/813/654 780/811/654 786/818/654
f 787/819/655 791/824/655 797/831/655
f 797/831/656 791/824/656 790/822/656
f 790/823/657 789/821/657 795/828/657
f 789/821/658 788/820/658 794/827/658
f 794/827/659 788/820/659 786/818/659
f 799/833/660 793/826/660 797/831/660
f 797/831/661 796/829/661 802/836/661
f 802/837/662 796/830/662 795/828/662
f 795/828/663 794/827/663 800/834/663
f 794/827/664 792/825/664 798/832/664
f 799/833/1059 803/838/1059 809/845/1059
f 809/845/666 803/838/666 802/836/666
f 808/844/667 802/837/667 801/835/667
f 801/835/668 800/834/668 806/841/668
f 806/841/669 800/834/669 798/832/669
f 805/840/670 809/845/670 815/852/670
f 809/845/1060 808/843/1060 814/850/1060
f 808/844/672 807/842/672 813/849/672
f 813/849/673 807/842/673 806/841/673
f 806/841/1061 804/839/1061 810/846/1061
f 811/847/675 815/852/675 821/859/675
f 815/852/676 814/850/676 820/857/676
f 814/851/677 813/849/677 819/856/677
f 813/849/1062 812/848/1062 818/855/1062
f 812/848/679 810/846/679 816/853/679
f 823/861/680 817/854/680 821/859/680
f 827/866/1063 821/859/1063 820/857/1063
f 820/858/682 819/856/682 825/863/682
f 819/856/1064 818/855/1064 824/862/1064
f 818/855/1065 816/853/1065 822/860/1065
f 823/861/1066 827/866/1066 833/873/1066
f 827/866/686 826/864/686 832/871/686
f 826/865/687 825/863/687 831/870/687
f 831/870/688 825/863/688 824/862/688
f 830/869/1067 824/862/1067 822/860/1067
f 829/868/690 833/873/690 839/880/690
f 839/880/1068 833/873/1068 832/871/1068
f 838/879/692 832/872/692 831/870/692
f 837/877/1069 831/870/1069 830/869/1069
f 836/876/1070 830/869/1070 828/867/1070
f 835/875/695 839/880/695 845/887/695
f 839/880/1071 838/878/1071 844/885/1071
f 838/879/697 837/877/697 843/884/697
f 837/877/1072 836/876/1072 842/883/1072
f 836/876/1073 834/874/1073 840/881/1073
f 847/889/1074 841/882/1074 845/887/1074
f 845/887/1075 844/885/1075 850/892/1075
f 850/893/702 844/886/702 843/884/702
f 843/884/703 842/883/703 848/890/703
f 842/883/1076 840/881/1076 846/888/1076
f 847/889/705 851/894/705 857/901/705
f 857/901/706 851/894/706 850/892/706
f 856/900/707 850/893/707 849/891/707
f 849/891/708 848/890/708 854/897/708
f 854/897/1077 848/890/1077 846/888/1077
f 853/896/710 857/901/710 863/908/710
f 857/901/1078 856/899/1078 862/906/1078
f 856/900/712 855/898/712 861/905/712
f 861/905/1079 855/898/1079 854/897/1079
f 854/897/714 852/895/714 858/902/714
f 859/903/715 863/908/715 869/915/715
f 863/908/1080 862/906/1080 868/913/1080
f 862/907/717 861/905/717 867/912/717
f 861/905/718 860/904/718 866/911/718
f 860/904/719 858/902/719 864/909/719
f 871/917/1081 865/910/1081 869/915/1081
f 875/922/721 869/915/721 868/913/721
f 868/914/722 867/912/722 873/919/722
f 867/912/723 866/911/723 872/918/723
f 866/911/724 864/909/724 870/916/724
f 871/917/725 875/922/725 881/929/725
f 875/922/726 874/920/726 880/927/726
f 874/921/727 873/919/727 879/926/727
f 879/926/728 873/919/728 872/918/728
f 878/925/729 872/918/729 870/916/729
f 877/924/730 881/929/730 698/714/730
f 698/714/731 881/929/731 880/927/731
f 699/717/732 880/928/732 879/926/732
f 700/718/733 879/926/733 878/925/733
f 701/719/1082 878/925/1082 876/923/1082
f 2/2/28 690/703/28 697/712/28
f 264/269/1 890/938/1 889/937/1
f 890/938/1 891/939/1 888/936/1
f 891/939/1 892/940/1 887/935/1
f 892/940/1 893/941/1 886/934/1
f 893/941/1 894/942/1 885/933/1
f 894/942/1 895/943/1 884/932/1
f 895/943/1 896/944/1 883/931/1
f 896/944/1 897/945/1 882/930/1
f 443/448/90 906/954/90 890/938/90
f 906/954/90 907/955/90 891/939/90
f 907/955/90 908/956/90 892/940/90
f 908/956/90 909/957/90 893/941/90
f 909/957/90 910/958/90 894/942/90
f 910/958/90 911/959/90 895/943/90
f 911/959/90 912/960/90 896/944/90
f 912/960/90 913/961/90 897/945/90
f 269/274/89 905/953/89 921/969/89
f 905/953/89 904/952/89 920/968/89
f 904/952/89 903/951/89 919/967/89
f 903/951/89 902/950/89 918/966/89
f 902/950/89 901/949/89 917/965/89
f 901/949/89 900/948/89 916/964/89
f 900/948/89 899/947/89 915/963/89
f 899/947/89 898/946/89 914/962/89
f 437/442/88 1137/1185/88 906/954/88
f 906/954/88 1137/1185/88 1136/1184/88
f 907/955/88 1136/1184/88 1135/1183/88
f 908/956/88 1135/1183/88 1134/1182/88
f 909/957/88 1134/1182/88 1133/1181/88
f 910/958/88 1133/1181/88 1132/1180/88
f 911/959/88 1132/1180/88 1131/1179/88
f 912/960/88 1131/1179/88 1130/1178/88
f 431/436/87 1129/1177/87 1137/1185/87
f 1129/1177/87 1128/1176/87 1136/1184/87
f 1128/1176/87 1127/1175/87 1135/1183/87
f 1127/1175/87 1126/1174/87 1134/1182/87
f 1126/1174/87 1125/1173/87 1133/1181/87
f 1125/1173/87 1124/1172/87 1132/1180/87
f 1124/1172/87 1123/1171/87 1131/1179/87
f 1123/1171/87 1122/1170/87 1130/1178/87
f 425/430/86 1121/1169/86 1129/1177/86
f 1121/1169/86 1120/1168/86 1128/1176/86
f 1120/1168/86 1119/1167/86 1127/1175/86
f 1119/1167/86 1118/1166/86 1126/1174/86
f 1118/1166/86 1117/1165/86 1125/1173/86
f 1117/1165/86 1116/1164/86 1124/1172/86
f 1116/1164/86 1115/1163/86 1123/1171/86
f 1115/1163/86 1114/1162/86 1122/1170/86
f 419/424/85 1113/1161/85 1121/1169/85
f 1113/1161/85 1112/1160/85 1120/1168/85
f 1112/1160/85 1111/1159/85 1119/1167/85
f 1111/1159/85 1110/1158/85 1118/1166/85
f 1110/1158/85 1109/1157/85 1117/1165/85
f 1109/1157/85 1108/1156/85 1116/1164/85
f 1108/1156/85 1107/1155/85 1115/1163/85
f 1107/1155/85 1106/1154/85 1114/1162/85
f 413/418/84 1105/1153/84 1113/1161/84
f 1105/1153/84 1104/1152/84 1112/1160/84
f 1104/1152/84 1103/1151/84 1111/1159/84
f 1103/1151/84 1102/1150/84 1110/1158/84
f 1102/1150/84 1101/1149/84 1109/1157/84
f 1101/1149/84 1100/1148/84 1108/1156/84
f 1100/1148/84 1099/1147/84 1107/1155/84
f 1099/1147/84 1098/1146/84 1106/1154/84
f 407/412/83 1097/1145/83 1105/1153/83
f 1097/1145/83 1096/1144/83 1104/1152/83
f 1096/1144/83 1095/1143/83 1103/1151/83
f 1095/1143/83 1094/1142/83 1102/1150/83
f 1094/1142/83 1093/1141/83 1101/1149/83
f 1093/1141/83 1092/1140/83 1100/1148/83
f 1092/1140/83 1091/1139/83 1099/1147/83
f 1091/1139/83 1090/1138/83 1098/1146/83
f 401/406/21 1089/1137/21 1097/1145/21
f 1089/1137/21 1088/1136/21 1096/1144/21
f 1088/1136/21 1087/1135/21 1095/1143/21
f 1095/1143/21 1087/1135/21 1086/1134/21
f 1086/1134/21 1085/1133/21 1093/1141/21
f 1093/1141/21 1085/1133/21 1084/1132/21
f 1092/1140/21 1084/1132/21 1083/1131/21
f 1091/1139/21 1083/1131/21 1082/1130/21
f 395/400/82 1081/1129/82 1089/1137/82
f 1081/1129/82 1080/1128/82 1088/1136/82
f 1080/1128/82 1079/1127/82 1087/1135/82
f 1079/1127/82 1078/1126/82 1086/1134/82
f 1078/1126/82 1077/1125/82 1085/1133/82
f 1077/1125/82 1076/1124/82 1084/1132/82
f 1076/1124/82 1075/1123/82 1083/1131/82
f 1075/1123/82 1074/1122/82 1082/1130/82
f 395/400/81 389/394/81 1073/1121/81
f 1081/1129/81 1073/1121/81 1072/1120/81
f 1072/1120/81 1071/1119/81 1079/1127/81
f 1071/1119/81 1070/1118/81 1078/1126/81
f 1078/1126/81 1070/1118/81 1069/1117/81
f 1077/1125/81 1069/1117/81 1068/1116/81
f 1076/1124/81 1068/1116/81 1067/1115/81
f 1067/1115/81 1066/1114/81 1074/1122/81
f 389/394/80 383/388/80 1065/1113/80
f 1073/1121/80 1065/1113/80 1064/1112/80
f 1072/1120/80 1064/1112/80 1063/1111/80
f 1071/1119/80 1063/1111/80 1062/1110/80
f 1070/1118/80 1062/1110/80 1061/1109/80
f 1069/1117/80 1061/1109/80 1060/1108/80
f 1068/1116/80 1060/1108/80 1059/1107/80
f 1067/1115/80 1059/1107/80 1058/1106/80
f 383/388/79 377/382/79 1057/1105/79
f 1065/1113/79 1057/1105/79 1056/1104/79
f 1064/1112/79 1056/1104/79 1055/1103/79
f 1063/1111/79 1055/1103/79 1054/1102/79
f 1062/1110/79 1054/1102/79 1053/1101/79
f 1061/1109/79 1053/1101/79 1052/1100/79
f 1052/1100/79 1051/1099/79 1059/1107/79
f 1059/1107/79 1051/1099/79 1050/1098/79
f 377/382/78 371/376/78 1049/1097/78
f 1057/1105/78 1049/1097/78 1048/1096/78
f 1056/1104/78 1048/1096/78 1047/1095/78
f 1055/1103/78 1047/1095/78 1046/1094/78
f 1054/1102/78 1046/1094/78 1045/1093/78
f 1053/1101/78 1045/1093/78 1044/1092/78
f 1052/1100/78 1044/1092/78 1043/1091/78
f 1051/1099/78 1043/1091/78 1042/1090/78
f 371/376/77 365/370/77 1041/1089/77
f 1049/1097/77 1041/1089/77 1040/1088/77
f 1048/1096/77 1040/1088/77 1039/1087/77
f 1047/1095/77 1039/1087/77 1038/1086/77
f 1046/1094/77 1038/1086/77 1037/1085/77
f 1045/1093/77 1037/1085/77 1036/1084/77
f 1044/1092/77 1036/1084/77 1035/1083/77
f 1043/1091/77 1035/1083/77 1034/1082/77
f 365/370/76 359/364/76 1033/1081/76
f 1041/1089/76 1033/1081/76 1032/1080/76
f 1040/1088/76 1032/1080/76 1031/1079/76
f 1039/1087/76 1031/1079/76 1030/1078/76
f 1038/1086/76 1030/1078/76 1029/1077/76
f 1037/1085/76 1029/1077/76 1028/1076/76
f 1036/1084/76 1028/1076/76 1027/1075/76
f 1035/1083/76 1027/1075/76 1026/1074/76
f 359/364/14 353/358/14 1025/1073/14
f 1033/1081/14 1025/1073/14 1024/1072/14
f 1032/1080/14 1024/1072/14 1023/1071/14
f 1031/1079/14 1023/1071/14 1022/1070/14
f 1030/1078/14 1022/1070/14 1021/1069/14
f 1029/1077/14 1021/1069/14 1020/1068/14
f 1028/1076/14 1020/1068/14 1019/1067/14
f 1027/1075/14 1019/1067/14 1018/1066/14
f 347/352/75 341/346/75 1009/1057/75
f 1017/1065/75 1009/1057/75 1008/1056/75
f 1016/1064/75 1008/1056/75 1007/1055/75
f 1015/1063/75 1007/1055/75 1006/1054/75
f 1014/1062/75 1006/1054/75 1005/1053/75
f 1013/1061/75 1005/1053/75 1004/1052/75
f 1012/1060/75 1004/1052/75 1003/1051/75
f 1011/1059/75 1003/1051/75 1002/1050/75
f 341/346/74 335/340/74 1001/1049/74
f 1009/1057/74 1001/1049/74 1000/1048/74
f 1008/1056/74 1000/1048/74 999/1047/74
f 1007/1055/74 999/1047/74 998/1046/74
f 1006/1054/74 998/1046/74 997/1045/74
f 1005/1053/74 997/1045/74 996/1044/74
f 1004/1052/74 996/1044/74 995/1043/74
f 1003/1051/74 995/1043/74 994/1042/74
f 335/340/73 329/334/73 993/1041/73
f 1001/1049/73 993/1041/73 992/1040/73
f 1000/1048/73 992/1040/73 991/1039/73
f 999/1047/73 991/1039/73 990/1038/73
f 998/1046/73 990/1038/73 989/1037/73
f 997/1045/73 989/1037/73 988/1036/73
f 996/1044/73 988/1036/73 987/1035/73
f 995/1043/73 987/1035/73 986/1034/73
f 329/334/72 323/328/72 985/1033/72
f 993/1041/72 985/1033/72 984/1032/72
f 992/1040/72 984/1032/72 983/1031/72
f 991/1039/72 983/1031/72 982/1030/72
f 990/1038/72 982/1030/72 981/1029/72
f 989/1037/72 981/1029/72 980/1028/72
f 988/1036/72 980/1028/72 979/1027/72
f 979/1027/72 978/1026/72 986/1034/72
f 323/328/71 317/322/71 977/1025/71
f 985/1033/71 977/1025/71 976/1024/71
f 984/1032/71 976/1024/71 975/1023/71
f 983/1031/71 975/1023/71 974/1022/71
f 982/1030/71 974/1022/71 973/1021/71
f 981/1029/71 973/1021/71 972/1020/71
f 972/1020/71 971/1019/71 979/1027/71
f 971/1019/71 970/1018/71 978/1026/71
f 317/322/70 311/316/70 969/1017/70
f 969/1017/70 968/1016/70 976/1024/70
f 968/1016/70 967/1015/70 975/1023/70
f 975/1023/70 967/1015/70 966/1014/70
f 974/1022/70 966/1014/70 965/1013/70
f 965/1013/70 964/1012/70 972/1020/70
f 972/1020/70 964/1012/70 963/1011/70
f 971/1019/70 963/1011/70 962/1010/70
f 305/310/7 961/1009/7 969/1017/7
f 969/1017/7 961/1009/7 960/1008/7
f 968/1016/7 960/1008/7 959/1007/7
f 959/1007/7 958/1006/7 966/1014/7
f 958/1006/7 957/1005/7 965/1013/7
f 957/1005/7 956/1004/7 964/1012/7
f 956/1004/7 955/1003/7 963/1011/7
f 955/1003/7 954/1002/7 962/1010/7
f 299/304/69 953/1001/69 961/1009/69
f 961/1009/69 953/1001/69 952/1000/69
f 960/1008/69 952/1000/69 951/999/69
f 951/999/69 950/998/69 958/1006/69
f 950/998/69 949/997/69 957/1005/69
f 949/997/69 948/996/69 956/1004/69
f 948/996/69 947/995/69 955/1003/69
f 947/995/69 946/994/69 954/1002/69
f 293/298/68 945/993/68 953/1001/68
f 945/993/68 944/992/68 952/1000/68
f 944/992/68 943/991/68 951/999/68
f 943/991/68 942/990/68 950/998/68
f 942/990/68 941/989/68 949/997/68
f 941/989/68 940/988/68 948/996/68
f 940/988/68 939/987/68 947/995/68
f 939/987/68 938/986/68 946/994/68
f 287/292/67 937/985/67 945/993/67
f 937/985/67 936/984/67 944/992/67
f 936/984/67 935/983/67 943/991/67
f 935/983/67 934/982/67 942/990/67
f 934/982/67 933/981/67 941/989/67
f 933/981/67 932/980/67 940/988/67
f 932/980/67 931/979/67 939/987/67
f 931/979/67 930/978/67 938/986/67
f 281/286/66 929/977/66 937/985/66
f 929/977/66 928/976/66 936/984/66
f 928/976/66 927/975/66 935/983/66
f 927/975/66 926/974/66 934/982/66
f 926/974/66 925/973/66 933/981/66
f 925/973/66 924/972/66 932/980/66
f 924/972/66 923/971/66 931/979/66
f 923/971/66 922/970/66 930/978/66
f 275/280/65 921/969/65 929/977/65
f 921/969/65 920/968/65 928/976/65
f 920/968/65 919/967/65 927/975/65
f 919/967/65 918/966/65 926/974/65
f 918/966/65 917/965/65 925/973/65
f 917/965/65 916/964/65 924/972/65
f 916/964/65 915/963/65 923/971/65
f 915/963/65 914/962/65 922/970/65
f 257/262/64 889/937/64 905/953/64
f 889/937/64 888/936/64 904/952/64
f 888/936/64 887/935/64 903/951/64
f 887/935/64 886/934/64 902/950/64
f 886/934/64 885/933/64 901/949/64
f 885/933/64 884/932/64 900/948/64
f 884/932/64 883/931/64 899/947/64
f 883/931/64 882/930/64 898/946/64
f 353/358/63 347/352/63 1017/1065/63
f 1025/1073/63 1017/1065/63 1016/1064/63
f 1024/1072/63 1016/1064/63 1015/1063/63
f 1023/1071/63 1015/1063/63 1014/1062/63
f 1022/1070/63 1014/1062/63 1013/1061/63
f 1021/1069/63 1013/1061/63 1012/1060/63
f 1020/1068/63 1012/1060/63 1011/1059/63
f 1019/1067/63 1011/1059/63 1010/1058/63
f 1139/1189/735 1141/1194/735 1140/1192/735
f 1141/1194/736 1143/1198/736 1142/1196/736
f 1143/1198/737 1145/1202/737 1144/1200/737
f 1144/1200/738 1145/1202/738 1147/1206/738
f 1147/1206/739 1149/1210/739 1148/1208/739
f 1149/1210/740 1151/1214/740 1150/1212/740
f 1151/1214/741 1153/1218/741 1152/1216/741
f 1153/1218/742 1155/1222/742 1154/1220/742
f 1154/1220/743 1155/1222/743 1157/1226/743
f 1156/1224/744 1157/1226/744 1159/1230/744
f 1158/1228/745 1159/1230/745 1161/1234/745
f 1160/1232/746 1161/1234/746 1163/1238/746
f 1163/1238/747 1165/1242/747 1164/1240/747
f 1164/1240/748 1165/1242/748 1167/1246/748
f 1166/1244/749 1167/1246/749 1169/1250/749
f 1168/1248/750 1169/1250/750 1171/1254/750
f 1170/1252/751 1171/1254/751 1173/1258/751
f 1172/1256/752 1173/1258/752 1175/1262/752
f 1174/1260/753 1175/1262/753 1177/1266/753
f 1177/1266/754 1179/1270/754 1178/1268/754
f 1179/1270/755 1181/1274/755 1180/1272/755
f 1180/1272/756 1181/1274/756 1183/1278/756
f 1182/1276/757 1183/1278/757 1185/1282/757
f 1184/1280/758 1185/1282/758 1187/1286/758
f 1187/1286/759 1189/1290/759 1188/1288/759
f 1189/1290/760 1191/1294/760 1190/1292/760
f 1191/1294/761 1193/1298/761 1192/1296/761
f 1193/1298/762 1195/1302/762 1194/1300/762
f 1195/1302/763 1197/1306/763 1196/1304/763
f 1197/1306/764 1199/1311/764 1198/1308/764
f 1143/1199/765 1141/1195/765 1139/1190/765
f 1139/1190/765 1201/1314/765 1199/1310/765
f 1199/1310/765 1197/1307/765 1195/1303/765
f 1195/1303/765 1193/1299/765 1191/1295/765
f 1191/1295/765 1189/1291/765 1187/1287/765
f 1187/1287/765 1185/1283/765 1183/1279/765
f 1183/1279/765 1181/1275/765 1179/1271/765
f 1179/1271/765 1177/1267/765 1175/1263/765
f 1175/1263/765 1173/1259/765 1171/1255/765
f 1171/1255/765 1169/1251/765 1167/1247/765
f 1167/1247/765 1165/1243/765 1163/1239/765
f 1163/1239/765 1161/1235/765 1159/1231/765
f 1159/1231/765 1157/1227/765 1155/1223/765
f 1155/1223/765 1153/1219/765 1151/1215/765
f 1151/1215/765 1149/1211/765 1147/1207/765
f 1147/1207/765 1145/1203/765 1143/1199/765
f 1143/1199/765 1139/1190/765 1199/1310/765
f 1199/1310/765 1195/1303/765 1191/1295/765
f 1191/1295/765 1187/1287/765 1183/1279/765
f 1183/1279/765 1179/1271/765 1175/1263/765
f 1175/1263/765 1171/1255/765 1167/1247/765
f 1167/1247/765 1163/1239/765 1159/1231/765
f 1159/1231/765 1155/1223/765 1151/1215/765
f 1151/1215/765 1147/1207/765 1143/1199/765
f 1143/1199/765 1199/1310/765 1191/1295/765
f 1191/1295/765 1183/1279/765 1175/1263/765
f 1175/1263/765 1167/1247/765 1159/1231/765
f 1159/1231/765 1151/1215/765 1143/1199/765
f 1143/1199/765 1191/1295/765 1175/1263/765
f 1199/1311/766 1201/1315/766 1200/1312/766
f 1201/1315/767 1139/1191/767 1138/1187/767
f 1200/1313/768 1138/1188/768 1140/1193/768
f 1140/1193/768 1142/1197/768 1144/1201/768
f 1144/1201/768 1146/1205/768 1148/1209/768
f 1148/1209/768 1150/1213/768 1152/1217/768
f 1152/1217/768 1154/1221/768 1156/1225/768
f 1156/1225/768 1158/1229/768 1160/1233/768
f 1160/1233/768 1162/1237/768 1164/1241/768
f 1164/1241/768 1166/1245/768 1168/1249/768
f 1168/1249/768 1170/1253/768 1172/1257/768
f 1172/1257/768 1174/1261/768 1176/1265/768
f 1176/1265/768 1178/1269/768 1180/1273/768
f 1180/1273/768 1182/1277/768 1184/1281/768
f 1184/1281/768 1186/1285/768 1188/1289/768
f 1188/1289/768 1190/1293/768 1192/1297/768
f 1192/1297/768 1194/1301/768 1196/1305/768
f 1196/1305/768 1198/1309/768 1200/1313/768
f 1200/1313/768 1140/1193/768 1144/1201/768
f 1144/1201/768 1148/1209/768 1152/1217/768
f 1152/1217/768 1156/1225/768 1160/1233/768
f 1160/1233/768 1164/1241/768 1168/1249/768
f 1168/1249/768 1172/1257/768 1176/1265/768
f 1176/1265/768 1180/1273/768 1184/1281/768
f 1184/1281/768 1188/1289/768 1192/1297/768
f 1192/1297/768 1196/1305/768 1200/1313/768
f 1200/1313/768 1144/1201/768 1152/1217/768
f 1152/1217/768 1160/1233/768 1168/1249/768
f 1168/1249/768 1176/1265/768 1184/1281/768
f 1184/1281/768 1192/1297/768 1200/1313/768
f 1200/1313/768 1152/1217/768 1168/1249/768
